City_ID,City,Cloudiness,Country,Date,Humidity,Lat,Lng,Max Temp,Wind Speed
0,Bambous Virieux,20,MU,2021-01-14 17:40:04,78,-20.3428,57.7575,78.8,3.44
1,Katsuura,0,JP,2021-01-14 17:40:04,53,35.1333,140.3,48.2,16.11
2,Butaritari,63,KI,2021-01-14 17:40:04,79,3.0707,172.7902,80.83,23.55
3,Tuktoyaktuk,90,CA,2021-01-14 17:40:04,84,69.4541,-133.0374,-7.6,6.91
4,Krasnoarmeysk,100,RU,2021-01-14 17:40:04,83,51.0239,45.6969,17.01,3.0
5,Hermanus,0,ZA,2021-01-14 17:40:04,73,-34.4187,19.2345,79.0,5.99
6,Castro,51,BR,2021-01-14 17:40:04,68,-24.7911,-50.0119,76.84,11.32
7,Rikitea,42,PF,2021-01-14 17:40:05,76,-23.1203,-134.9692,77.22,11.07
8,Mataura,70,NZ,2021-01-14 17:40:05,95,-46.1927,168.8643,55.0,1.99
9,Bredasdorp,27,ZA,2021-01-14 17:40:05,88,-34.5322,20.0403,69.8,8.05
10,Punta Arenas,40,CL,2021-01-14 17:40:05,48,-53.15,-70.9167,64.4,21.85
11,Cairns,40,AU,2021-01-14 17:40:05,78,-16.9167,145.7667,78.8,9.22
12,Ribeira Grande,75,PT,2021-01-14 17:36:40,94,38.5167,-28.7,62.6,16.11
13,Chokurdakh,100,RU,2021-01-14 17:40:05,89,70.6333,147.9167,-17.5,8.52
14,Vaini,75,TO,2021-01-14 17:40:05,100,-21.2,-175.2,75.2,4.61
15,Gondanglegi,100,ID,2021-01-14 17:40:05,85,-7.7479,112.0132,75.22,3.18
16,Busselton,23,AU,2021-01-14 17:40:05,76,-33.65,115.3333,57.99,15.68
17,New Norfolk,7,AU,2021-01-14 17:40:05,65,-42.7826,147.0587,51.01,1.83
18,Dikson,3,RU,2021-01-14 17:40:05,81,73.5069,80.5464,-28.19,4.47
19,Russkaya Polyana,48,UA,2021-01-14 17:40:05,96,49.417,31.9201,25.56,6.96
20,Tiksi,94,RU,2021-01-14 17:40:05,84,71.6872,128.8694,-33.66,2.98
21,Khatanga,87,RU,2021-01-14 17:40:06,77,71.9667,102.5,-48.28,2.53
22,Korla,0,CN,2021-01-14 17:37:07,82,41.7597,86.1469,20.89,6.71
23,Haverfordwest,75,GB,2021-01-14 17:40:06,81,51.8017,-4.9691,46.4,20.71
24,Bilibino,99,RU,2021-01-14 17:40:06,83,68.0546,166.4372,-25.08,0.78
25,Bluff,48,NZ,2021-01-14 17:40:06,96,-46.6,168.3333,55.0,1.99
26,Codrington,22,AU,2021-01-14 17:40:06,92,-38.2667,141.9667,50.63,11.63
27,Avarua,90,CK,2021-01-14 17:35:37,83,-21.2078,-159.775,78.8,6.91
28,Muroto,98,JP,2021-01-14 17:40:06,63,33.2833,134.15,54.12,7.0
29,Voka,96,EE,2021-01-14 17:40:06,94,59.3997,27.5817,13.84,14.14
30,Saint-Augustin,41,CA,2021-01-14 17:36:37,93,51.226,-58.6502,27.84,7.38
31,Leh,100,IN,2021-01-14 17:40:06,40,34.1667,77.5833,14.76,1.54
32,Nuuk,75,GL,2021-01-14 17:40:06,100,64.1835,-51.7216,23.0,2.17
33,Springbok,5,ZA,2021-01-14 17:40:06,46,-29.6643,17.8865,70.56,9.31
34,Yellowknife,90,CA,2021-01-14 17:40:06,85,62.456,-114.3525,8.6,3.44
35,Hobart,40,AU,2021-01-14 17:39:57,71,-42.8794,147.3294,51.01,4.61
36,Kibala,0,TD,2021-01-14 17:40:06,29,9.1104,18.3463,87.8,4.07
37,Touros,40,BR,2021-01-14 17:40:06,58,-5.1989,-35.4608,86.0,14.97
38,Albany,100,US,2021-01-14 17:40:05,68,42.6001,-73.9662,37.99,1.68
39,Isangel,100,VU,2021-01-14 17:40:07,88,-19.55,169.2667,78.6,8.14
40,Atuona,13,PF,2021-01-14 17:40:07,79,-9.8,-139.0333,76.8,13.44
41,Ushuaia,75,AR,2021-01-14 17:37:56,76,-54.8,-68.3,50.0,4.61
42,Marawi,100,PH,2021-01-14 17:40:07,96,7.9986,124.2928,75.0,3.0
43,Provideniya,87,RU,2021-01-14 17:36:00,88,64.3833,-173.3,-0.49,7.83
44,Cidreira,59,BR,2021-01-14 17:40:08,66,-30.1811,-50.2056,74.39,18.37
45,Rio Grande,40,BR,2021-01-14 17:37:12,54,-32.035,-52.0986,80.6,19.57
46,Ancud,0,CL,2021-01-14 17:40:08,59,-41.8697,-73.8203,62.6,5.75
47,Lebu,95,CL,2021-01-14 17:40:09,70,-37.6167,-73.65,59.88,13.78
48,Vao,100,NC,2021-01-14 17:40:09,88,-22.6667,167.4833,77.34,18.14
49,Pinawa,100,CA,2021-01-14 17:40:09,99,50.1489,-95.8811,31.93,2.77
50,Tessalit,0,ML,2021-01-14 17:40:09,17,20.1986,1.0114,74.66,13.73
51,Sal Rei,0,CV,2021-01-14 17:40:09,60,16.1833,-22.9167,73.4,20.71
52,High Rock,75,BS,2021-01-14 17:40:09,77,26.6208,-78.2833,68.0,12.66
53,Arraial Do Cabo,0,BR,2021-01-14 17:40:09,61,-22.9661,-42.0278,87.8,18.41
54,Palmer,90,US,2021-01-14 17:40:09,93,42.1584,-72.3287,39.0,3.44
55,Pringsewu,94,ID,2021-01-14 17:40:09,93,-5.3582,104.9744,73.49,3.62
56,Port Elizabeth,90,ZA,2021-01-14 17:40:10,100,-33.918,25.5701,69.8,23.02
57,Sao Filipe,99,CV,2021-01-14 17:40:10,69,14.8961,-24.4956,74.28,12.59
58,Tasiilaq,75,GL,2021-01-14 17:40:10,75,65.6145,-37.6368,37.4,14.97
59,Kodiak,90,US,2021-01-14 17:36:29,80,57.79,-152.4072,35.6,33.38
60,Saskylakh,46,RU,2021-01-14 17:40:10,75,71.9167,114.0833,-46.88,4.03
61,Faanui,2,PF,2021-01-14 17:40:10,78,-16.4833,-151.75,80.62,15.66
62,Ulladulla,75,AU,2021-01-14 17:40:10,82,-35.35,150.4667,64.99,8.05
63,Puerto Ayora,40,EC,2021-01-14 17:40:10,65,-0.7393,-90.3518,82.4,5.75
64,Mossendjo,100,CG,2021-01-14 17:40:11,96,-2.9506,12.7261,67.71,1.45
65,Kapaa,90,US,2021-01-14 17:36:12,83,22.0752,-159.319,69.8,4.61
66,East London,90,ZA,2021-01-14 17:40:11,100,-33.0153,27.9116,73.4,12.66
67,Araouane,25,ML,2021-01-14 17:40:11,17,18.9048,-3.5265,75.87,11.43
68,Kuching,40,MY,2021-01-14 17:40:11,100,1.55,110.3333,75.2,4.61
69,Alikovo,90,RU,2021-01-14 17:40:11,85,55.7383,46.7549,12.2,15.66
70,Jamestown,90,US,2021-01-14 17:40:11,100,42.097,-79.2353,37.0,6.91
71,Maarianhamina,75,AX,2021-01-14 17:40:11,74,60.0973,19.9348,23.0,11.5
72,Sumbe,28,AO,2021-01-14 17:40:11,74,-11.2061,13.8437,76.69,7.43
73,Longyearbyen,75,SJ,2021-01-14 17:40:11,80,78.2186,15.6401,24.8,12.66
74,Chuy,0,UY,2021-01-14 17:40:11,46,-33.6971,-53.4616,75.43,14.74
75,Mizdah,0,LY,2021-01-14 17:40:12,55,31.4451,12.9801,50.99,7.18
76,Tacoronte,24,ES,2021-01-14 17:40:12,60,28.4769,-16.4102,60.01,18.48
77,Umm Bab,1,QA,2021-01-14 17:40:12,20,25.2142,50.8072,62.6,3.44
78,Mahon,20,ES,2021-01-14 17:39:39,76,39.8885,4.2658,48.2,5.75
79,Klyuchi,7,RU,2021-01-14 17:40:12,86,52.2667,79.1667,-22.41,5.06
80,Yulara,43,AU,2021-01-14 17:40:13,23,-25.2406,130.9889,87.8,17.27
81,Iskateley,78,RU,2021-01-14 17:40:13,84,67.6803,53.1512,-14.15,9.75
82,Omboue,52,GA,2021-01-14 17:36:10,85,-1.5746,9.2618,77.38,1.61
83,Altamirano,88,MX,2021-01-14 17:40:13,77,16.8833,-92.15,63.52,3.87
84,Hilo,20,US,2021-01-14 17:40:14,68,19.7297,-155.09,66.2,6.91
85,Villa Rica,0,US,2021-01-14 17:40:14,64,33.7321,-84.9191,50.0,7.0
86,Camacha,20,PT,2021-01-14 17:35:59,63,33.0833,-16.3333,59.0,10.36
87,Dwarka,0,IN,2021-01-14 17:40:14,57,22.2394,68.9678,69.12,11.21
88,Banepa,20,NP,2021-01-14 17:37:23,93,27.6298,85.5214,48.2,3.44
89,Port Alfred,92,ZA,2021-01-14 17:40:14,88,-33.5906,26.891,74.5,18.39
90,Georgetown,20,MY,2021-01-14 17:40:08,89,5.4112,100.3354,80.01,3.44
91,Maceio,40,BR,2021-01-14 17:39:20,55,-9.6658,-35.7353,89.6,17.27
92,Teahupoo,75,PF,2021-01-14 17:40:14,74,-17.8333,-149.2667,82.4,2.3
93,San Patricio,20,US,2021-01-14 17:36:55,72,28.017,-97.5169,63.0,8.05
94,Nikolskoye,20,RU,2021-01-14 17:40:14,72,59.7035,30.7861,3.2,8.95
95,Klaksvik,75,FO,2021-01-14 17:40:14,100,62.2266,-6.589,39.2,3.44
96,Kruisfontein,50,ZA,2021-01-14 17:40:14,79,-34.0033,24.7314,77.0,4.0
97,Komsomolskiy,0,UZ,2021-01-14 17:40:14,74,40.4272,71.7189,32.0,4.61
98,Cabo San Lucas,20,MX,2021-01-14 17:38:28,28,22.8909,-109.9124,75.0,8.05
99,Hirado,4,JP,2021-01-14 17:38:46,69,33.3597,129.5531,48.0,1.99
100,Aland,0,IN,2021-01-14 17:40:14,40,17.5667,76.5667,72.59,8.63
101,Solnechnyy,17,RU,2021-01-14 17:36:39,86,50.7214,136.6319,-10.44,3.24
102,Saint-Paul,90,RE,2021-01-14 17:40:15,78,-21.0096,55.2707,78.8,12.66
103,Luderitz,84,NA,2021-01-14 17:40:15,83,-26.6481,15.1594,65.64,2.35
104,Puerto Carreno,67,CO,2021-01-14 17:40:15,47,6.189,-67.4859,90.57,9.73
105,Kaitangata,69,NZ,2021-01-14 17:36:19,90,-46.2817,169.8464,62.01,3.0
106,Bardiyah,5,LY,2021-01-14 17:40:15,65,31.7561,25.0865,58.51,14.05
107,Kaeo,3,NZ,2021-01-14 17:40:15,94,-35.1,173.7833,60.01,2.68
108,Nanortalik,99,GL,2021-01-14 17:40:15,94,60.1432,-45.2371,25.27,5.93
109,Zabaykalsk,0,RU,2021-01-14 17:40:15,85,49.6333,117.3167,-17.64,8.9
110,Cayenne,90,GF,2021-01-14 17:40:15,83,4.9333,-52.3333,80.6,10.36
111,Severo-Kurilsk,94,RU,2021-01-14 17:40:15,93,50.6789,156.125,24.24,16.49
112,Winnemucca,71,US,2021-01-14 17:40:15,74,40.973,-117.7357,37.0,1.99
113,Geraldton,28,AU,2021-01-14 17:40:15,83,-28.7667,114.6,73.4,5.75
114,Nago,75,JP,2021-01-14 17:40:15,82,26.5881,127.9761,62.6,12.62
115,Barrow,1,US,2021-01-14 17:40:16,70,71.2906,-156.7887,-9.4,16.11
116,Zhigansk,39,RU,2021-01-14 17:36:40,78,66.7697,123.3711,-41.21,4.9
117,Lakota,100,CI,2021-01-14 17:40:17,65,5.8528,-5.6883,81.48,4.97
118,Thompson,90,CA,2021-01-14 17:40:17,100,55.7435,-97.8558,24.8,9.22
119,Iracoubo,62,GF,2021-01-14 17:40:17,86,5.4802,-53.2011,78.8,13.44
120,Clyde River,75,CA,2021-01-14 17:36:36,84,70.4692,-68.5914,-9.4,6.91
121,Jiaonan,20,CN,2021-01-14 17:40:17,65,35.8786,119.9753,45.0,6.71
122,Flinders,28,AU,2021-01-14 17:40:17,85,-34.5833,150.8552,66.99,1.01
123,Parati,40,BR,2021-01-14 17:40:17,54,-23.2178,-44.7131,86.0,4.61
124,Margate,100,GB,2021-01-14 17:40:17,89,51.3813,1.3862,39.0,8.01
125,Karang Tengah,100,ID,2021-01-14 17:40:17,85,-7.5787,111.8642,75.36,2.57
126,Hithadhoo,96,MV,2021-01-14 17:40:17,77,-0.6,73.0833,81.97,16.62
127,Kainantu,100,PG,2021-01-14 17:40:17,95,-6.2887,145.8655,61.88,0.72
128,Chernyshevskiy,100,RU,2021-01-14 17:40:17,90,63.0128,112.4714,-14.57,4.38
129,Hualmay,98,PE,2021-01-14 17:40:17,71,-11.0964,-77.6139,75.36,11.05
130,Ponta Do Sol,20,PT,2021-01-14 17:36:40,67,32.6667,-17.1,60.01,13.8
131,Curuca,21,BR,2021-01-14 17:40:17,65,-0.7289,-47.8481,85.35,9.53
132,Brigantine,20,US,2021-01-14 17:40:17,57,39.4101,-74.3646,50.0,5.01
133,Qax,75,AZ,2021-01-14 17:40:18,100,41.4225,46.9242,42.8,6.91
134,Port Hardy,75,CA,2021-01-14 17:40:18,81,50.6996,-127.4199,46.4,31.07
135,Harper,63,LR,2021-01-14 17:40:18,81,4.375,-7.7169,80.74,5.95
136,Teguise,40,ES,2021-01-14 17:40:18,68,29.0605,-13.564,64.4,17.27
137,Vestmanna,75,FO,2021-01-14 17:40:18,100,62.1564,-7.1664,39.2,3.44
138,Kyabram,0,AU,2021-01-14 17:40:18,78,-36.3167,145.05,59.0,9.8
139,Eyl,5,SO,2021-01-14 17:40:18,69,7.9803,49.8164,75.27,22.5
140,Tilichiki,0,RU,2021-01-14 17:40:18,85,60.4667,166.1,-24.32,7.76
141,Corralillo,73,CU,2021-01-14 17:40:18,74,22.9819,-80.5856,78.46,4.94
142,Hervey Bay,5,AU,2021-01-14 17:40:18,88,-25.2986,152.8535,69.01,1.01
143,Puerto Asis,40,CO,2021-01-14 17:40:18,62,0.5133,-76.5007,86.0,5.75
144,Paamiut,100,GL,2021-01-14 17:40:18,91,61.994,-49.6678,22.98,8.05
145,Boditi,71,ET,2021-01-14 17:39:24,56,6.9667,37.8667,64.11,3.4
146,Bandarbeyla,8,SO,2021-01-14 17:40:19,72,9.4942,50.8122,74.91,19.55
147,Saldanha,8,ZA,2021-01-14 17:40:19,73,-33.0117,17.9442,69.8,16.11
148,Roxana,20,CR,2021-01-14 17:40:19,57,10.2753,-83.7513,80.6,17.27
149,Mar Del Plata,40,AR,2021-01-14 17:37:55,64,-38.0023,-57.5575,73.4,19.57
150,Miri,40,MY,2021-01-14 17:40:19,100,4.4148,114.0089,77.0,2.3
151,Verkhoyansk,60,RU,2021-01-14 17:40:19,66,67.5447,133.385,-44.03,1.79
152,Saint-Pierre,40,RE,2021-01-14 17:40:19,83,-21.3393,55.4781,80.6,2.3
153,Fort-Shevchenko,97,KZ,2021-01-14 17:37:04,92,44.5086,50.263,38.34,11.1
154,Port Moresby,40,PG,2021-01-14 17:39:26,94,-9.4431,147.1797,77.0,3.44
155,Tubuala,40,PA,2021-01-14 17:40:19,58,9.5167,-79.0333,87.8,6.91
156,Tuatapere,87,NZ,2021-01-14 17:40:19,96,-46.1333,167.6833,55.0,1.99
157,Sapa,5,PH,2021-01-14 17:40:19,85,5.1544,120.3241,80.6,9.19
158,Jacaltenango,90,GT,2021-01-14 17:40:19,68,15.6667,-91.7333,64.4,3.87
159,Mandalgovi,1,MN,2021-01-14 17:40:19,83,45.7625,106.2708,-8.57,12.3
160,Husavik,0,IS,2021-01-14 17:40:19,69,66.0449,-17.3389,35.6,14.97
161,Daru,100,PG,2021-01-14 17:40:20,86,-9.0763,143.2092,78.87,8.84
162,Petropavlovsk-Kamchatskiy,100,RU,2021-01-14 17:40:20,65,53.0452,158.6483,-0.4,6.71
163,Iqaluit,20,CA,2021-01-14 17:40:20,76,63.7506,-68.5145,-14.01,3.44
164,Fairbanks,20,US,2021-01-14 17:40:03,77,64.8378,-147.7164,-9.4,3.87
165,Bajil,0,YE,2021-01-14 17:40:20,58,15.0584,43.2851,76.89,8.25
166,Broken Hill,0,AU,2021-01-14 17:40:20,42,-31.95,141.4333,62.6,20.71
167,Hasaki,20,JP,2021-01-14 17:38:32,75,35.7333,140.8333,37.4,6.91
168,Mao,20,ES,2021-01-14 17:40:20,76,39.8885,4.2658,48.2,5.75
169,Mucurapo,40,TT,2021-01-14 17:40:20,58,10.6667,-61.5333,86.0,12.66
170,Vanimo,100,PG,2021-01-14 17:40:20,82,-2.6741,141.3028,78.71,4.29
171,Murmino,96,RU,2021-01-14 17:40:20,100,54.6036,40.0544,15.01,4.0
172,Cherskiy,87,RU,2021-01-14 17:40:20,85,68.75,161.3,-24.18,7.34
173,Esperance,90,AU,2021-01-14 17:40:20,67,-33.8667,121.9,57.2,5.75
174,Jimani,40,DO,2021-01-14 17:40:20,51,18.4917,-71.8502,87.8,11.5
175,Concordia,0,AR,2021-01-14 17:40:21,51,-31.393,-58.0209,82.4,14.97
176,Tambura,69,SS,2021-01-14 17:40:21,20,5.6,27.4667,79.74,2.64
177,Mackay,40,AU,2021-01-14 17:40:21,94,-21.15,149.2,71.6,5.75
178,Fortuna,1,US,2021-01-14 17:37:20,87,40.5982,-124.1573,50.0,10.36
179,San Ramon,1,US,2021-01-14 17:40:21,72,37.7799,-121.978,59.0,8.05
180,Nhulunbuy,100,AU,2021-01-14 17:40:21,94,-12.2333,136.7667,78.8,1.14
181,Trincomalee,97,LK,2021-01-14 17:40:21,83,8.5711,81.2335,80.15,13.67
182,Kavieng,80,PG,2021-01-14 17:40:21,76,-2.5744,150.7967,82.31,10.71
183,Sinnamary,59,GF,2021-01-14 17:40:21,85,5.3833,-52.95,79.21,13.51
184,Bethal,88,ZA,2021-01-14 17:40:21,58,-26.4579,29.4655,69.24,9.62
185,Saint-Georges,40,GD,2021-01-14 17:40:21,65,12.0564,-61.7485,84.2,17.27
186,South Bradenton,40,US,2021-01-14 17:40:21,63,27.4631,-82.5818,66.99,6.91
187,Olesnica,79,PL,2021-01-14 17:40:22,89,51.2134,17.3899,33.01,4.0
188,Pevek,88,RU,2021-01-14 17:40:22,90,69.7008,170.3133,-12.91,7.36
189,Dzhubga,100,RU,2021-01-14 17:40:22,82,44.3211,38.7039,41.52,11.63
190,Lagoa,91,PT,2021-01-14 17:40:22,88,39.05,-27.9833,61.97,17.2
191,San Vicente,69,AR,2021-01-14 17:40:22,85,-26.6167,-54.1333,76.14,3.78
192,Hamilton,1,US,2021-01-14 17:39:58,61,39.1834,-84.5333,44.6,10.36
193,Rio Gallegos,75,AR,2021-01-14 17:40:22,42,-51.6226,-69.2181,68.0,16.11
194,Bilma,0,NE,2021-01-14 17:40:22,26,18.6853,12.9164,66.76,4.07
195,North Bend,1,US,2021-01-14 17:40:22,87,43.4065,-124.2243,48.99,6.91
196,Vila Franca Do Campo,75,PT,2021-01-14 17:40:22,94,37.7167,-25.4333,63.0,12.66
197,Bathsheba,75,BB,2021-01-14 17:40:22,83,13.2167,-59.5167,78.8,23.02
198,Kirakira,92,SB,2021-01-14 17:40:22,77,-10.4544,161.9205,80.91,7.31
199,Airai,100,TL,2021-01-14 17:40:22,100,-8.9266,125.4092,62.62,0.83
200,Port-Gentil,40,GA,2021-01-14 17:40:23,78,-0.7193,8.7815,82.4,8.05
201,Sistranda,20,NO,2021-01-14 17:40:23,93,63.7256,8.834,19.4,12.66
202,Talnakh,21,RU,2021-01-14 17:40:23,79,69.4865,88.3972,-38.56,3.13
203,Beloha,9,MG,2021-01-14 17:36:51,82,-25.1667,45.05,76.66,12.15
204,Ahipara,12,NZ,2021-01-14 17:36:35,91,-35.1667,173.1667,61.79,6.26
205,Andenes,75,NO,2021-01-14 17:40:23,93,69.3143,16.1194,35.6,16.11
206,Manakara,30,MG,2021-01-14 17:40:23,90,-22.1333,48.0167,79.12,2.46
207,Cape Town,0,ZA,2021-01-14 17:38:40,60,-33.9258,18.4232,75.99,6.91
208,Bosaso,29,SO,2021-01-14 17:40:23,69,11.2842,49.1816,74.86,6.11
209,Balas,75,PH,2021-01-14 17:40:23,88,15.0335,120.6059,75.2,4.61
210,Boddam,75,GB,2021-01-14 17:40:23,87,57.4667,-1.7833,39.2,10.36
211,Saint George,1,US,2021-01-14 17:40:23,30,37.1041,-113.5841,41.0,2.3
212,Mount Isa,97,AU,2021-01-14 17:40:23,36,-20.7333,139.5,80.6,5.75
213,Brae,40,GB,2021-01-14 17:40:23,61,60.3964,-1.353,42.8,16.11
214,Arkhangelsk,20,RU,2021-01-14 17:40:24,75,64.5401,40.5433,-29.2,2.24
215,Salinopolis,29,BR,2021-01-14 17:39:10,75,-0.6136,-47.3561,82.42,13.65
216,San Cristobal,40,VE,2021-01-14 17:40:24,45,7.7669,-72.225,87.8,8.05
217,Usinsk,59,RU,2021-01-14 17:40:24,87,65.9939,57.5281,-19.41,9.51
218,Seoul,0,KR,2021-01-14 17:39:45,74,37.5683,126.9778,28.4,2.3
219,Panzhihua,0,CN,2021-01-14 17:40:24,69,26.5851,101.7128,46.06,1.63
220,Tanete,100,ID,2021-01-14 17:40:24,91,-3.9443,119.7848,75.79,2.64
221,Tutoia,40,BR,2021-01-14 17:40:24,66,-2.7619,-42.2744,87.8,17.27
222,Sechura,98,PE,2021-01-14 17:40:24,54,-5.5569,-80.8222,79.92,8.75
223,Sambava,15,MG,2021-01-14 17:40:24,85,-14.2667,50.1667,80.01,5.28
224,Huntington,1,US,2021-01-14 17:38:20,57,38.4193,-82.4452,51.01,6.91
225,Saint-Philippe,40,RE,2021-01-14 17:40:24,83,-21.3585,55.7679,80.6,2.3
226,Sakaiminato,20,JP,2021-01-14 17:36:07,100,35.55,133.2333,33.8,7.85
227,Carnarvon,0,AU,2021-01-14 17:36:16,94,-24.8667,113.6333,78.8,19.57
228,Qostanay,0,KZ,2021-01-14 17:40:24,77,53.1667,63.5833,-13.0,8.95
229,Mahebourg,20,MU,2021-01-14 17:36:17,78,-20.4081,57.7,78.8,3.44
230,Coruripe,89,BR,2021-01-14 17:40:25,63,-10.1256,-36.1756,84.11,16.98
231,Alofi,82,NU,2021-01-14 17:40:25,100,-19.0595,-169.9187,75.2,3.44
232,Slave Lake,0,CA,2021-01-14 17:40:25,59,55.2834,-114.769,28.4,19.57
233,Barcelona,0,ES,2021-01-14 17:36:59,70,41.3888,2.159,46.0,10.36
234,Port Hedland,34,AU,2021-01-14 17:38:21,89,-20.3167,118.5667,86.0,3.44
235,Tautira,75,PF,2021-01-14 17:40:25,74,-17.7333,-149.15,82.4,2.3
236,Sao Joao Da Barra,20,BR,2021-01-14 17:40:25,54,-21.6403,-41.0511,86.0,14.97
237,Bolobo,98,CD,2021-01-14 17:40:25,88,-2.1667,16.2333,74.53,3.67
238,Santa Cruz,75,BO,2021-01-14 17:40:25,78,-17.8,-63.1667,80.6,8.05
239,Mubende,68,UG,2021-01-14 17:40:25,49,0.5606,31.39,70.88,2.08
240,Kilakarai,99,IN,2021-01-14 17:40:25,84,9.2333,78.7833,77.92,12.93
241,Robertsport,1,LR,2021-01-14 17:40:25,78,6.7533,-11.3686,81.77,10.27
242,Broome,90,US,2021-01-14 17:40:25,86,42.2506,-75.833,37.0,8.05
243,Shingu,87,JP,2021-01-14 17:40:26,68,33.7333,135.9833,43.79,5.66
244,Champerico,75,GT,2021-01-14 17:40:26,66,14.3,-91.9167,86.0,4.61
245,Richards Bay,79,ZA,2021-01-14 17:37:18,81,-28.783,32.0377,76.33,7.18
246,Bacolod,86,PH,2021-01-14 17:40:26,88,10.6667,122.95,77.0,10.09
247,Toamasina,40,MG,2021-01-14 17:40:26,83,-18.1667,49.3833,82.4,3.44
248,Ovsyanka,75,RU,2021-01-14 17:40:26,78,55.9575,92.5519,5.0,15.66
249,Atar,75,MR,2021-01-14 17:40:26,17,20.5169,-13.0499,74.98,17.25
250,Tekeli,0,KZ,2021-01-14 17:40:26,65,44.83,78.8239,11.23,8.3
251,Antalaha,66,MG,2021-01-14 17:40:26,83,-14.9003,50.2788,79.86,2.06
252,Hammerfest,75,NO,2021-01-14 17:40:26,93,70.6634,23.6821,33.8,10.36
253,Elko,72,US,2021-01-14 17:40:26,62,41.0002,-115.5012,34.0,1.01
254,Poya,100,NC,2021-01-14 17:40:26,93,-21.35,165.15,76.24,5.64
255,Qaanaaq,48,GL,2021-01-14 17:35:51,71,77.484,-69.3632,2.8,5.21
256,Moree,55,AU,2021-01-14 17:40:26,68,-29.4667,149.85,71.6,16.11
257,Krasnoselkup,60,RU,2021-01-14 17:37:01,79,65.7,82.4667,-27.72,2.13
258,Pitimbu,75,BR,2021-01-14 17:40:27,58,-7.4706,-34.8086,87.8,11.5
259,Manzhouli,0,CN,2021-01-14 17:40:27,85,49.6,117.4333,-16.51,8.16
260,Bubaque,0,GW,2021-01-14 17:36:39,70,11.2833,-15.8333,78.53,11.77
261,Moramanga,91,MG,2021-01-14 17:40:27,94,-18.9333,48.2,70.48,5.55
262,Souillac,20,MU,2021-01-14 17:40:27,78,-20.5167,57.5167,78.8,3.44
263,San Borja,98,BO,2021-01-14 17:40:27,88,-14.8167,-66.85,82.69,1.66
264,Salalah,0,OM,2021-01-14 17:40:27,13,17.0151,54.0924,78.8,6.91
265,Coahuayana,75,MX,2021-01-14 17:40:27,53,18.7333,-103.6833,75.2,6.13
266,Pafos,40,CY,2021-01-14 17:37:14,59,34.7667,32.4167,60.8,23.02
267,Whitecourt,20,CA,2021-01-14 17:40:27,68,54.1502,-115.6855,21.2,8.05
268,Naryan-Mar,65,RU,2021-01-14 17:40:27,85,67.6713,53.087,-14.06,10.04
269,Leningradskiy,100,RU,2021-01-14 17:37:22,92,69.3833,178.4167,-0.24,11.23
270,Ukiah,90,US,2021-01-14 17:37:18,82,39.1502,-123.2078,62.01,5.75
271,Baymak,100,RU,2021-01-14 17:40:28,90,52.5933,58.3225,-9.81,11.1
272,Batticaloa,69,LK,2021-01-14 17:40:28,83,7.7102,81.6924,79.52,4.68
273,Quatre Cocos,20,MU,2021-01-14 17:36:07,78,-20.2078,57.7625,78.8,3.44
274,Tambopata,75,PE,2021-01-14 17:40:28,94,-12.7333,-69.1833,75.2,3.44
275,Makakilo City,90,US,2021-01-14 17:40:28,83,21.3469,-158.0858,73.4,4.61
276,Bengkulu,100,ID,2021-01-14 17:40:28,84,-3.8004,102.2655,77.14,5.44
277,Umm Kaddadah,4,SD,2021-01-14 17:40:28,22,13.6017,26.6876,72.01,10.89
278,Tamale,69,GH,2021-01-14 17:40:28,11,9.4008,-0.8393,89.64,4.61
279,Klyuchevskiy,0,RU,2021-01-14 17:40:28,84,53.5317,119.4519,-22.59,2.33
280,Prince Rupert,90,CA,2021-01-14 17:39:36,81,54.3161,-130.3201,41.0,13.8
281,Kursenai,0,LT,2021-01-14 17:40:28,86,55.985,22.9189,17.6,8.05
282,San Quintin,0,MX,2021-01-14 17:36:57,33,30.4833,-115.95,68.41,1.34
283,Singaparna,100,ID,2021-01-14 17:40:29,84,-7.3515,108.111,72.34,1.66
284,Namibe,0,AO,2021-01-14 17:40:29,65,-15.1961,12.1522,74.07,9.62
285,Stolbishche,90,RU,2021-01-14 17:40:29,85,55.6468,49.216,12.2,15.66
286,Rumoi,97,JP,2021-01-14 17:40:29,91,43.9344,141.6428,22.41,13.62
287,Rosario,0,AR,2021-01-14 17:40:29,44,-32.9468,-60.6393,87.01,11.5
288,Hofn,20,IS,2021-01-14 17:40:29,86,64.2539,-15.2082,33.8,4.61
289,Gua Musang,100,MY,2021-01-14 17:40:29,92,4.8823,101.9644,70.48,1.34
290,Tura,0,IN,2021-01-14 17:36:02,61,25.5198,90.2201,57.15,2.86
291,Tudela,90,ES,2021-01-14 17:40:29,66,42.0617,-1.6045,48.2,16.11
292,Moose Factory,90,CA,2021-01-14 17:40:29,93,51.2585,-80.6094,23.0,5.75
293,Karratha,6,AU,2021-01-14 17:40:29,43,-20.7377,116.8463,91.96,5.91
294,Burnie,7,AU,2021-01-14 17:40:29,90,-41.0667,145.9167,46.99,1.01
295,Sitka,90,US,2021-01-14 17:37:21,65,57.0531,-135.33,42.8,19.57
296,Mozarlandia,80,BR,2021-01-14 17:40:29,65,-14.7447,-50.5706,86.34,0.96
297,Sobolevo,93,RU,2021-01-14 17:40:29,93,54.4299,31.8996,0.09,6.49
298,Eskisehir,75,TR,2021-01-14 17:40:30,86,39.7767,30.5206,30.2,8.05
299,Calabazar De Sagua,40,CU,2021-01-14 17:40:30,65,22.6447,-79.8961,80.6,3.44
300,Victoria,0,HK,2021-01-14 17:40:13,59,22.2855,114.1577,59.0,6.62
301,Buraydah,40,SA,2021-01-14 17:40:30,59,26.326,43.975,64.4,5.75
302,Aklavik,91,CA,2021-01-14 17:37:17,84,68.2191,-135.0107,-11.2,3.06
303,Kishapu,77,TZ,2021-01-14 17:40:30,82,-3.6167,33.8667,68.5,5.28
304,Ust-Uda,100,RU,2021-01-14 17:40:30,92,54.1742,103.0304,1.49,6.6
305,Peterhead,75,GB,2021-01-14 17:40:30,87,57.5058,-1.7981,39.2,10.36
306,Bantry,75,IE,2021-01-14 17:40:30,81,51.6833,-9.45,42.8,8.05
307,Sinop,100,TR,2021-01-14 17:40:30,89,41.7711,34.8709,34.79,4.56
308,Itaituba,20,BR,2021-01-14 17:36:09,62,-4.2761,-55.9836,89.6,11.5
309,Conceicao Da Barra,4,BR,2021-01-14 17:40:30,60,-18.5933,-39.7322,83.98,11.05
310,Okato,9,NZ,2021-01-14 17:40:30,83,-39.2,173.8833,55.0,3.0
311,Tiznit,0,MA,2021-01-14 17:40:30,55,29.5833,-9.5,53.49,4.76
312,Mehamn,75,NO,2021-01-14 17:40:30,86,71.0357,27.8492,32.0,11.5
313,Ilhabela,32,BR,2021-01-14 17:40:30,79,-23.7781,-45.3581,79.77,2.3
314,Grand Gaube,4,MU,2021-01-14 17:40:30,80,-20.0064,57.6608,77.0,5.01
315,Bobo Dioulasso,0,BF,2021-01-14 17:40:31,15,11.1771,-4.2979,93.2,6.91
316,Kingaroy,0,AU,2021-01-14 17:40:31,94,-26.5333,151.8333,59.0,0.47
317,Mariental,86,NA,2021-01-14 17:40:31,39,-24.6333,17.9667,86.5,4.88
318,Xuchang,40,CN,2021-01-14 17:40:31,41,34.0167,113.8167,37.4,4.47
319,Zavodouspenskoye,0,RU,2021-01-14 17:40:31,76,56.8626,65.0155,-14.8,6.71
320,Teguldet,100,RU,2021-01-14 17:40:31,89,57.3064,88.1667,-4.07,15.12
321,Penalva,98,BR,2021-01-14 17:40:31,82,-3.2942,-45.1736,83.1,6.53
322,Yar-Sale,100,RU,2021-01-14 17:40:31,89,66.8333,70.8333,-0.63,8.19
323,Acapulco,90,MX,2021-01-14 17:39:36,74,16.8634,-99.8901,82.4,6.91
324,Carndonagh,75,IE,2021-01-14 17:40:31,93,55.25,-7.2667,44.6,3.44
325,Zhaotong,0,CN,2021-01-14 17:40:31,65,27.3167,103.7167,41.72,2.59
326,Yemelyanovo,75,RU,2021-01-14 17:40:00,78,56.1681,92.6767,5.0,15.66
327,Lompoc,1,US,2021-01-14 17:38:55,66,34.6391,-120.4579,66.2,3.44
328,Imeni Poliny Osipenko,4,RU,2021-01-14 17:40:31,87,52.4201,136.4853,-20.36,4.43
329,Sangar,10,RU,2021-01-14 17:40:31,75,63.9242,127.4739,-45.2,6.02
330,Simao,94,CN,2021-01-14 17:40:31,84,22.7886,100.9748,45.14,1.95
331,Manta,20,EC,2021-01-14 17:40:31,74,-0.95,-80.7333,82.4,6.91
332,Camabatela,45,AO,2021-01-14 17:40:32,95,-8.1881,15.375,63.34,3.4
333,Les Escoumins,81,CA,2021-01-14 17:40:32,86,48.1111,-69.0236,32.0,16.11
334,Pianco,71,BR,2021-01-14 17:40:32,38,-7.1981,-37.9292,91.45,8.75
335,Kodinar,0,IN,2021-01-14 17:40:32,45,20.7903,70.7031,67.77,7.49
336,Grand-Santi,84,GF,2021-01-14 17:40:32,82,4.25,-54.3833,81.3,5.53
337,Santa Lucia,75,ES,2021-01-14 17:40:32,59,27.9117,-15.5407,64.4,14.97
338,Tral,100,IN,2021-01-14 17:40:32,79,33.9333,75.1,28.38,2.51
339,Toora-Khem,100,RU,2021-01-14 17:40:32,88,52.4675,96.11,-8.05,1.16
340,Torbay,90,CA,2021-01-14 17:40:32,93,47.6666,-52.7314,37.0,17.27
341,Deputatskiy,100,RU,2021-01-14 17:40:32,89,69.3,139.9,-19.21,2.01
342,Padang,81,ID,2021-01-14 17:40:32,72,-0.9492,100.3543,77.63,5.06
343,Los Llanos De Aridane,75,ES,2021-01-14 17:40:32,55,28.6585,-17.9182,66.2,5.75
344,Las Cruces,55,US,2021-01-14 17:38:50,22,32.3123,-106.7783,55.0,3.0
345,Gazanjyk,90,TM,2021-01-14 17:40:32,52,39.2446,55.5154,47.37,5.3
346,Haines Junction,100,CA,2021-01-14 17:40:32,85,60.7522,-137.5108,3.2,1.14
347,Yumen,100,CN,2021-01-14 17:40:32,76,40.2833,97.2,21.69,12.33
348,Bethel,75,US,2021-01-14 17:36:07,70,41.3712,-73.414,42.01,2.17
349,Dunmore Town,100,BS,2021-01-14 17:40:33,87,25.5,-76.65,71.94,8.88
350,Kumo,0,NG,2021-01-14 17:40:33,25,10.0447,11.2122,87.8,8.05
351,Moron,0,AR,2021-01-14 17:40:33,31,-34.6534,-58.6198,84.0,8.01
352,Ostrovnoy,78,RU,2021-01-14 17:40:33,92,68.0531,39.5131,-1.79,22.41
353,Boca Do Acre,90,BR,2021-01-14 17:40:33,90,-8.7522,-67.3978,80.24,2.84
354,Den Helder,90,NL,2021-01-14 17:40:33,80,52.9599,4.7593,36.0,17.27
355,Corinto,5,GR,2021-01-14 17:38:30,48,37.9407,22.9573,52.0,6.35
356,Yumbing,74,PH,2021-01-14 17:40:33,79,9.2393,124.6578,80.33,7.9
357,Ta Khmau,20,KH,2021-01-14 17:40:33,68,11.4833,104.95,73.4,6.73
358,Bangassou,81,CF,2021-01-14 17:40:33,26,4.7413,22.8184,78.96,1.45
359,Erzin,100,TR,2021-01-14 17:40:33,94,36.9559,36.2,55.99,10.56
360,Tabou,76,CI,2021-01-14 17:40:33,78,4.423,-7.3528,81.14,6.64
361,Zeya,52,RU,2021-01-14 17:40:33,84,53.75,127.2667,-21.24,1.66
362,Pitogo,92,PH,2021-01-14 17:40:34,89,13.7847,122.0881,76.95,12.44
363,Belmonte,20,BR,2021-01-14 17:40:34,74,-15.8631,-38.8828,84.2,9.22
364,Ileza,100,RU,2021-01-14 17:40:34,91,61.0533,43.9002,-6.63,5.95
365,Lesnoye,100,RU,2021-01-14 17:40:34,90,58.2841,35.5158,-8.21,7.16
366,Upernavik,100,GL,2021-01-14 17:40:34,95,72.7868,-56.1549,18.54,3.09
367,Zumarraga,5,PH,2021-01-14 17:40:34,86,11.6388,124.8417,74.68,2.62
368,Hami,26,CN,2021-01-14 17:40:34,76,42.8,93.45,18.03,8.32
369,Kalmunai,63,LK,2021-01-14 17:40:34,84,7.4167,81.8167,78.96,2.66
370,Peleduy,100,RU,2021-01-14 17:40:34,88,59.6289,112.7406,-3.33,13.0
371,Koutiala,0,ML,2021-01-14 17:40:34,12,12.3917,-5.4642,84.69,7.0
372,Amuntai,100,ID,2021-01-14 17:40:34,98,-2.4177,115.2494,72.72,1.25
373,Buin,0,CL,2021-01-14 17:37:29,24,-33.7333,-70.75,89.01,8.05
374,Benguela,73,AO,2021-01-14 17:40:34,67,-12.5763,13.4055,76.89,7.58
375,Wum,17,CM,2021-01-14 17:40:34,25,6.3833,10.0667,68.34,2.46
376,Skjervoy,75,NO,2021-01-14 17:40:34,86,70.0311,20.9714,19.4,1.14
377,Kourou,90,GF,2021-01-14 17:40:34,83,5.1552,-52.6478,80.6,10.36
378,Izumo,20,JP,2021-01-14 17:37:45,100,35.3667,132.7667,33.8,6.26
379,Luanda,20,AO,2021-01-14 17:37:21,69,-8.8368,13.2343,80.6,10.36
380,Phan Thiet,28,VN,2021-01-14 17:37:46,86,10.9333,108.1,68.58,3.04
381,Filingue,0,NE,2021-01-14 17:40:35,14,14.3521,3.3168,80.11,8.03
382,Kahului,20,US,2021-01-14 17:40:35,72,20.8947,-156.47,72.0,5.75
383,Aurdal,7,NO,2021-01-14 17:40:35,88,60.9242,9.4159,10.99,3.74
384,Eidsvag,20,NO,2021-01-14 17:40:35,93,62.7767,8.0668,21.2,3.44
385,Riviere-Au-Renard,90,CA,2021-01-14 17:40:35,80,48.9957,-64.3971,28.4,2.98
386,Asfi,54,MA,2021-01-14 17:36:52,68,32.2994,-9.2372,55.81,14.32
387,Kudahuvadhoo,89,MV,2021-01-14 17:40:35,78,2.6708,72.8944,81.61,10.09
388,Namie,0,JP,2021-01-14 17:40:35,60,37.4833,141.0,39.99,1.99
389,Mathbaria,8,BD,2021-01-14 17:40:35,84,22.2876,89.9593,62.74,2.19
390,Vila Velha,40,BR,2021-01-14 17:40:36,65,-20.3297,-40.2925,84.2,13.8
391,Eganville,90,CA,2021-01-14 17:40:36,86,45.5334,-77.0994,36.0,1.66
392,Sisimiut,100,GL,2021-01-14 17:40:36,93,66.9395,-53.6735,12.18,4.61
393,Never,100,FR,2021-01-14 17:40:36,94,46.9896,3.159,51.01,3.0
394,Alta Floresta,58,BR,2021-01-14 17:40:36,74,-9.8756,-56.0861,84.76,3.29
395,Klaeng,17,TH,2021-01-14 17:40:36,83,12.7797,101.6483,69.01,2.08
396,Praia Da Vitoria,40,PT,2021-01-14 17:40:36,94,38.7333,-27.0667,63.0,24.72
397,Simontornya,27,HU,2021-01-14 17:40:36,63,46.7546,18.5549,32.0,5.01
398,Sabang,72,ID,2021-01-14 17:40:36,80,5.8933,95.3214,80.71,17.85
399,Norman Wells,75,CA,2021-01-14 17:40:36,85,65.282,-126.8329,1.4,1.7
400,Oistins,75,BB,2021-01-14 17:37:36,83,13.0667,-59.5333,78.8,23.02
401,Piney Green,75,US,2021-01-14 17:40:36,71,34.716,-77.3202,52.0,8.05
402,Jalu,27,LY,2021-01-14 17:40:36,66,29.0331,21.5482,57.07,7.99
403,Namatanai,94,PG,2021-01-14 17:40:36,78,-3.6667,152.4333,79.7,5.95
404,Impfondo,85,CG,2021-01-14 17:37:19,63,1.6381,18.0667,79.95,3.8
405,Rawson,94,AR,2021-01-14 17:40:36,27,-43.3002,-65.1023,85.12,23.24
406,Roald,0,NO,2021-01-14 17:40:37,80,62.5833,6.1333,26.6,8.05
407,Izhevskoye,77,RU,2021-01-14 17:40:37,96,54.5567,40.8703,12.65,8.5
408,Tara,10,RU,2021-01-14 17:40:37,87,56.8944,74.371,-18.02,4.45
409,Huilong,55,CN,2021-01-14 17:40:37,81,31.8111,121.655,53.01,1.01
410,Suntar,100,RU,2021-01-14 17:40:37,89,62.1444,117.6319,-9.94,5.93
411,Asosa,6,ET,2021-01-14 17:40:37,26,10.0667,34.5333,67.95,3.89
412,Kroya,100,ID,2021-01-14 17:40:37,77,-7.6331,109.2461,77.49,4.59
413,Krasnyy Kholm,99,RU,2021-01-14 17:40:37,91,58.0607,37.1203,-6.25,9.37
414,San Rafael,10,AR,2021-01-14 17:40:37,29,-34.6177,-68.3301,90.19,16.73
415,Minna,0,NG,2021-01-14 17:40:37,26,9.6139,6.5569,93.2,4.61
416,Gawler,76,AU,2021-01-14 17:40:37,64,-34.6,138.7333,62.01,7.0
417,Kavaratti,88,IN,2021-01-14 17:40:37,70,10.5669,72.642,82.81,6.8
418,Mogadishu,27,SO,2021-01-14 17:39:49,79,2.0371,45.3438,77.52,20.24
419,Atkinson,90,US,2021-01-14 17:40:37,70,42.8384,-71.147,39.0,2.28
420,Pisco,40,PE,2021-01-14 17:40:37,78,-13.7,-76.2167,71.6,9.22
421,Cap Malheureux,3,MU,2021-01-14 17:37:07,80,-19.9842,57.6142,77.0,3.0
422,Hambantota,90,LK,2021-01-14 17:40:38,100,6.1241,81.1185,75.2,1.14
423,Pandan,94,PH,2021-01-14 17:40:38,88,14.0453,124.1694,78.4,12.97
424,Zarand,0,IR,2021-01-14 17:40:38,44,30.8127,56.564,46.78,4.83
425,Kita,55,ML,2021-01-14 17:40:38,10,13.0349,-9.4895,89.42,4.56
426,Elk City,1,US,2021-01-14 17:37:05,20,35.412,-99.4043,51.8,35.68
427,Sampit,100,ID,2021-01-14 17:40:38,97,-2.5333,112.95,73.49,3.38
428,Soe,91,ID,2021-01-14 17:40:38,100,-9.8607,124.284,68.5,2.3
429,Mugur-Aksy,28,RU,2021-01-14 17:40:38,75,50.35,90.5,-16.96,6.51
430,Pemangkat,100,ID,2021-01-14 17:40:38,92,1.1667,108.9667,75.33,3.06
431,Rapar,0,IN,2021-01-14 17:40:38,27,23.5667,70.6333,66.27,5.48
432,Puerto Escondido,90,MX,2021-01-14 17:36:59,83,15.85,-97.0667,80.6,4.61
433,Tabas,7,IR,2021-01-14 17:40:38,22,33.5959,56.9244,39.2,2.3
434,Lolodorf,63,CM,2021-01-14 17:40:38,93,3.2333,10.7333,72.77,2.98
435,Ambulu,97,ID,2021-01-14 17:40:38,90,-8.345,113.6058,76.69,2.95
436,Lazaro Cardenas,85,MX,2021-01-14 17:40:39,47,17.9583,-102.2,86.56,2.59
437,Nome,90,US,2021-01-14 17:40:39,93,64.5011,-165.4064,17.6,5.75
438,Narsaq,75,GL,2021-01-14 17:36:08,69,60.9167,-46.05,28.4,3.38
439,Tokur,98,RU,2021-01-14 17:40:39,87,53.1333,132.9,-28.16,3.33
440,San Policarpo,29,PH,2021-01-14 17:40:39,80,12.1791,125.5072,78.75,5.19
441,Havoysund,75,NO,2021-01-14 17:40:39,93,70.9963,24.6622,33.8,10.36
442,Campina Grande Do Sul,75,BR,2021-01-14 17:40:39,83,-25.3056,-49.0553,69.8,16.11
443,Yazd,0,IR,2021-01-14 17:40:39,13,31.8972,54.3675,51.8,6.91
444,Ubon Ratchathani,0,TH,2021-01-14 17:40:39,77,15.1667,105.1667,66.2,1.14
445,Bobrovka,86,RU,2021-01-14 17:40:39,88,54.047,61.7455,-14.67,6.2
446,Byron Bay,5,AU,2021-01-14 17:40:39,94,-28.65,153.6167,68.0,3.44
447,Manado,40,ID,2021-01-14 17:40:39,100,1.487,124.8455,77.0,3.91
448,Ilulissat,75,GL,2021-01-14 17:40:39,79,69.2167,-51.1,21.2,4.61
449,Terrace,90,CA,2021-01-14 17:40:39,100,54.5163,-128.6035,32.0,8.05
450,Port Lincoln,97,AU,2021-01-14 17:40:39,74,-34.7333,135.8667,58.3,12.77
451,Biak,97,ID,2021-01-14 17:40:40,82,-0.9131,122.8766,77.29,3.18
452,Adrar,48,MR,2021-01-14 17:40:40,20,20.5022,-10.0711,70.93,12.55
453,Biltine,0,TD,2021-01-14 17:40:40,19,14.5333,20.9167,72.91,8.77
454,Ventspils,0,LV,2021-01-14 17:40:40,93,57.3894,21.5606,24.8,6.91
455,Yaan,11,NG,2021-01-14 17:40:40,19,7.3833,8.5667,87.12,4.65
456,Takhatgarh,0,IN,2021-01-14 17:40:40,50,25.3333,73.0,53.49,2.33
457,Linqing,56,CN,2021-01-14 17:40:40,90,36.8456,115.7117,31.46,6.2
458,Tanout,0,NE,2021-01-14 17:40:04,19,14.9709,8.8879,73.49,11.16
459,Mlonggo,100,ID,2021-01-14 17:38:05,86,-6.5333,110.7,78.1,12.28
460,Teya,100,RU,2021-01-14 17:40:40,88,60.3778,92.6267,1.51,11.54
461,Tonj,21,SS,2021-01-14 17:40:40,17,7.2737,28.6822,82.47,4.36
462,Fort Morgan,1,US,2021-01-14 17:40:40,23,40.2503,-103.8,37.4,26.46
463,Santa Vitoria Do Palmar,0,BR,2021-01-14 17:40:40,48,-33.5189,-53.3681,75.49,14.67
464,Omagari,44,JP,2021-01-14 17:40:40,93,39.45,140.4833,23.97,0.81
465,Bangkal,9,PH,2021-01-14 17:40:40,88,6.0667,121.0667,78.28,5.55
466,Carira,83,BR,2021-01-14 17:40:41,31,-10.3608,-37.7011,91.96,11.21
467,Izhma,83,RU,2021-01-14 17:40:41,87,65.0083,53.9113,-13.94,4.61
468,Nouadhibou,79,MR,2021-01-14 17:40:41,31,20.931,-17.0347,75.2,17.27
469,Kamaishi,0,JP,2021-01-14 17:40:41,88,39.2667,141.8833,25.72,8.08
470,Troitskoye,100,RU,2021-01-14 17:40:41,88,52.9821,84.6757,-17.9,5.66
471,Srednekolymsk,100,RU,2021-01-14 17:40:41,88,67.45,153.6833,-15.41,11.68
472,Khilok,83,RU,2021-01-14 17:40:41,86,51.3674,110.4676,-10.91,6.67
473,Dzilam Gonzalez,62,MX,2021-01-14 17:40:41,63,21.2833,-88.9333,76.84,8.32
474,Viedma,100,AR,2021-01-14 17:40:41,21,-40.8135,-62.9967,85.06,18.92
475,Visby,75,SE,2021-01-14 17:40:41,74,57.6409,18.296,30.2,11.5
476,Lavrentiya,93,RU,2021-01-14 17:40:41,91,65.5833,-171.0,2.28,5.12
477,Dingle,53,PH,2021-01-14 17:40:41,93,10.9995,122.6711,74.43,5.97
478,Channel-Port Aux Basques,100,CA,2021-01-14 17:40:42,92,47.5702,-59.1367,32.43,9.48
479,Olinda,40,BR,2021-01-14 17:40:42,65,-8.0089,-34.8553,82.4,11.5
480,Penzance,75,GB,2021-01-14 17:40:42,81,50.1186,-5.5371,46.4,23.02
481,Labuhan,100,ID,2021-01-14 17:40:42,83,-6.8844,112.2051,76.98,11.05
482,Sovetskiy,72,RU,2021-01-14 17:40:42,91,61.3614,63.5842,-7.49,7.9
483,Taoudenni,0,ML,2021-01-14 17:40:42,24,22.6783,-3.9836,66.33,11.05
484,Soligalich,100,RU,2021-01-14 17:40:42,92,59.0778,42.2864,-0.99,6.67
485,Hay River,86,CA,2021-01-14 17:37:19,79,60.8156,-115.7999,12.2,4.61
486,Aktau,90,KZ,2021-01-14 17:40:42,93,43.65,51.2,44.6,8.95
487,Gaomi,20,CN,2021-01-14 17:40:42,65,36.3833,119.7528,45.0,6.71
488,Boguchany,100,RU,2021-01-14 17:40:42,90,58.3814,97.4531,2.88,15.12
