City,Lat,Lng,Max Temp,Humidity,Cloudiness,Wind Speed,Description,Country,Date
Upernavik,72.7868,-56.1549,10.98,86,58,7.87,broken clouds,GL,2021-01-17 22:24:27
Rikitea,-23.1203,-134.9692,78.91,75,19,14.74,few clouds,PF,2021-01-17 22:24:27
Bluff,-46.6,168.3333,60.01,56,69,8.01,broken clouds,NZ,2021-01-17 22:24:27
Katsuura,35.1333,140.3,39.0,69,95,4.0,overcast clouds,JP,2021-01-17 22:24:27
Leshukonskoye,64.8989,45.7622,-7.11,91,92,3.44,overcast clouds,RU,2021-01-17 22:24:27
Port Keats,-14.25,129.55,80.46,79,57,6.22,broken clouds,AU,2021-01-17 22:24:27
Lashio,22.9333,97.75,50.23,91,84,1.05,broken clouds,MM,2021-01-17 22:24:27
Jacareacanga,-6.2222,-57.7528,77.09,94,100,1.95,overcast clouds,BR,2021-01-17 22:24:27
Souillac,-20.5167,57.5167,78.8,78,75,11.5,broken clouds,MU,2021-01-17 22:20:26
Kaeo,-35.1,173.7833,73.0,57,15,10.0,few clouds,NZ,2021-01-17 22:24:27
Kapaa,22.0752,-159.319,80.6,69,20,19.57,few clouds,US,2021-01-17 22:20:25
Gostyn,51.8825,17.0123,6.01,89,0,4.21,clear sky,PL,2021-01-17 22:24:27
Marsh Harbour,26.5412,-77.0636,68.5,64,100,16.2,overcast clouds,BS,2021-01-17 22:24:27
Chokurdakh,70.6333,147.9167,-26.54,85,100,7.29,overcast clouds,RU,2021-01-17 22:20:08
Kincardine,56.0667,-3.7167,42.8,93,90,13.8,light rain,GB,2021-01-17 22:24:28
Alice Springs,-23.7,133.8833,66.2,32,0,14.03,clear sky,AU,2021-01-17 22:24:28
Matara,5.9485,80.5353,74.61,91,76,5.75,broken clouds,LK,2021-01-17 22:24:28
Saint George,37.1041,-113.5841,62.01,24,1,0.69,clear sky,US,2021-01-17 22:22:48
Bredasdorp,-34.5322,20.0403,68.0,77,80,9.22,broken clouds,ZA,2021-01-17 22:20:00
Avarua,-21.2078,-159.775,84.2,70,20,6.91,few clouds,CK,2021-01-17 22:24:28
New Norfolk,-42.7826,147.0587,62.01,71,99,4.0,overcast clouds,AU,2021-01-17 22:24:28
Ilulissat,69.2167,-51.1,21.2,86,75,11.5,light snow,GL,2021-01-17 22:24:28
Cape Town,-33.9258,18.4232,71.01,64,0,16.11,clear sky,ZA,2021-01-17 22:20:51
Khatanga,71.9667,102.5,-24.99,81,0,14.05,clear sky,RU,2021-01-17 22:20:57
Kalispell,48.1958,-114.3129,37.4,87,90,8.05,overcast clouds,US,2021-01-17 22:24:28
Ribeira Grande,38.5167,-28.7,62.6,94,75,19.57,light rain,PT,2021-01-17 22:20:13
Rocha,-34.4833,-54.3333,69.13,62,12,11.86,few clouds,UY,2021-01-17 22:24:28
Hermanus,-34.4187,19.2345,66.0,83,5,4.0,clear sky,ZA,2021-01-17 22:24:28
Bambous Virieux,-20.3428,57.7575,80.01,78,75,11.5,broken clouds,MU,2021-01-17 22:20:22
Dikson,73.5069,80.5464,-24.18,84,31,20.24,scattered clouds,RU,2021-01-17 22:24:28
Mataura,-46.1927,168.8643,60.01,57,35,8.01,light rain,NZ,2021-01-17 22:20:00
Hobart,-42.8794,147.3294,62.6,55,75,20.71,broken clouds,AU,2021-01-17 22:20:17
Jamestown,42.097,-79.2353,33.01,93,90,11.5,light snow,US,2021-01-17 22:24:29
Vao,-22.6667,167.4833,76.86,82,80,12.26,broken clouds,NC,2021-01-17 22:20:26
Port Alfred,-33.5906,26.891,66.99,90,54,5.03,broken clouds,ZA,2021-01-17 22:24:29
Albany,42.6001,-73.9662,37.99,67,100,6.29,overcast clouds,US,2021-01-17 22:20:11
Puerto Ayora,-0.7393,-90.3518,80.6,69,75,17.27,broken clouds,EC,2021-01-17 22:24:29
Port Elizabeth,-33.918,25.5701,66.2,82,75,2.3,broken clouds,ZA,2021-01-17 22:24:29
Kingsport,36.5484,-82.5618,41.0,60,90,11.5,overcast clouds,US,2021-01-17 22:21:31
Montenegro,42.5,19.3,30.2,86,90,4.61,overcast clouds,ME,2021-01-17 22:24:29
Busselton,-33.65,115.3333,64.99,67,24,5.99,few clouds,AU,2021-01-17 22:24:29
Beeville,28.4008,-97.7483,73.4,40,1,4.61,clear sky,US,2021-01-17 22:20:35
Novonikolayevskiy,50.9738,42.3649,-2.0,86,100,6.29,overcast clouds,RU,2021-01-17 22:24:29
Porto Novo,6.4965,2.6036,82.4,83,20,8.05,few clouds,BJ,2021-01-17 22:21:22
Mahebourg,-20.4081,57.7,78.8,78,75,11.5,broken clouds,MU,2021-01-17 22:24:29
Plouzane,48.3833,-4.6167,44.6,93,90,2.3,overcast clouds,FR,2021-01-17 22:24:29
Pahrump,36.2083,-115.9839,73.0,19,0,1.99,clear sky,US,2021-01-17 22:24:29
Grand Gaube,-20.0064,57.6608,80.01,77,98,7.0,overcast clouds,MU,2021-01-17 22:23:16
Sao Filipe,14.8961,-24.4956,72.39,72,0,6.4,clear sky,CV,2021-01-17 22:21:04
Salihli,38.4826,28.1477,29.34,93,5,2.82,clear sky,TR,2021-01-17 22:24:29
Isangel,-19.55,169.2667,86.0,89,75,5.75,broken clouds,VU,2021-01-17 22:24:30
Guerrero Negro,27.9769,-114.0611,78.51,19,0,7.11,clear sky,MX,2021-01-17 22:20:55
Fort Nelson,58.8053,-122.7002,24.8,74,75,5.75,broken clouds,CA,2021-01-17 22:24:30
Nelson Bay,-32.7167,152.15,70.0,73,91,8.05,overcast clouds,AU,2021-01-17 22:24:30
Ciudad Bolivar,8.1222,-63.5497,85.89,53,97,10.0,overcast clouds,VE,2021-01-17 22:24:30
Emerald,-23.5333,148.1667,78.8,73,75,12.66,broken clouds,AU,2021-01-17 22:24:30
Brae,60.3964,-1.353,44.6,81,75,25.32,broken clouds,GB,2021-01-17 22:23:06
Ushuaia,-54.8,-68.3,55.4,71,75,3.44,light rain,AR,2021-01-17 22:22:55
Mount Gambier,-37.8333,140.7667,57.2,94,75,11.5,broken clouds,AU,2021-01-17 22:23:07
Campbeltown,55.4258,-5.6076,46.4,87,40,25.32,scattered clouds,GB,2021-01-17 22:24:30
Seoul,37.5683,126.9778,26.6,93,90,8.05,overcast clouds,KR,2021-01-17 22:24:08
Butaritari,3.0707,172.7902,80.58,76,73,19.26,broken clouds,KI,2021-01-17 22:24:30
Petropavlovka,50.6114,105.3196,-4.09,85,100,1.16,overcast clouds,RU,2021-01-17 22:24:30
Shimoda,34.6667,138.95,33.01,81,53,1.01,broken clouds,JP,2021-01-17 22:21:46
Punta Arenas,-53.15,-70.9167,62.6,59,0,36.82,clear sky,CL,2021-01-17 22:23:48
Ponta Do Sol,32.6667,-17.1,59.0,58,75,4.61,broken clouds,PT,2021-01-17 22:24:30
Kahului,20.8947,-156.47,80.6,61,40,10.36,scattered clouds,US,2021-01-17 22:21:59
Lavrentiya,65.5833,-171.0,-10.55,82,100,10.31,overcast clouds,RU,2021-01-17 22:20:06
Yar-Sale,66.8333,70.8333,-13.5,88,100,16.06,overcast clouds,RU,2021-01-17 22:23:53
Gimli,50.6336,-96.9907,8.6,72,100,10.36,overcast clouds,CA,2021-01-17 22:24:30
Rangpur,25.75,89.25,61.7,61,0,5.48,clear sky,BD,2021-01-17 22:24:30
Tygda,53.1167,126.3333,-20.56,84,99,6.51,overcast clouds,RU,2021-01-17 22:24:30
Dwarka,22.2394,68.9678,68.4,59,0,12.1,clear sky,IN,2021-01-17 22:23:54
Akyab,20.15,92.9,62.96,76,0,6.42,clear sky,MM,2021-01-17 22:24:31
Salalah,17.0151,54.0924,66.2,52,0,3.44,clear sky,OM,2021-01-17 22:24:31
Vaini,-21.2,-175.2,86.0,74,75,11.5,broken clouds,TO,2021-01-17 22:24:31
Novyy Urengoy,66.0833,76.6333,-11.43,89,100,14.47,overcast clouds,RU,2021-01-17 22:24:12
Qaanaaq,77.484,-69.3632,-2.31,74,0,4.5,clear sky,GL,2021-01-17 22:24:31
Barrow,71.2906,-156.7887,-2.2,78,90,16.11,overcast clouds,US,2021-01-17 22:24:31
Mehamn,71.0357,27.8492,37.4,81,75,16.11,light rain,NO,2021-01-17 22:24:31
Medicine Hat,50.0501,-110.6683,36.0,64,90,10.36,overcast clouds,CA,2021-01-17 22:24:31
Mpulungu,-8.7623,31.1141,72.9,63,100,1.45,overcast clouds,ZM,2021-01-17 22:24:31
Gbarnga,6.9956,-9.4722,71.06,75,0,2.82,clear sky,LR,2021-01-17 22:24:31
Vila,42.0304,-8.1588,42.01,82,3,4.0,clear sky,PT,2021-01-17 22:24:31
Saint-Philippe,-21.3585,55.7679,78.8,65,0,4.61,clear sky,RE,2021-01-17 22:20:02
Aklavik,68.2191,-135.0107,-4.0,84,83,4.61,broken clouds,CA,2021-01-17 22:24:31
Kununurra,-15.7667,128.7333,82.4,69,28,4.61,scattered clouds,AU,2021-01-17 22:24:31
North Platte,41.1239,-100.7654,44.6,26,1,12.66,clear sky,US,2021-01-17 22:19:33
Mar Del Plata,-38.0023,-57.5575,63.0,77,75,12.66,broken clouds,AR,2021-01-17 22:24:31
Port Shepstone,-30.7414,30.455,72.48,79,97,9.31,overcast clouds,ZA,2021-01-17 22:24:32
Airai,-8.9266,125.4092,61.38,100,100,0.78,light rain,TL,2021-01-17 22:24:32
Muros,42.7762,-9.0603,51.01,92,15,1.01,few clouds,ES,2021-01-17 22:24:32
Bubaque,11.2833,-15.8333,78.13,66,95,13.78,overcast clouds,GW,2021-01-17 22:23:23
Preobrazheniye,42.9019,133.9064,11.12,88,95,3.09,overcast clouds,RU,2021-01-17 22:24:32
Quzhou,28.9594,118.8686,33.76,86,0,3.78,clear sky,CN,2021-01-17 22:24:32
Glens Falls,43.3095,-73.644,37.99,60,90,6.91,overcast clouds,US,2021-01-17 22:24:32
Hovd,48.0056,91.6419,0.95,80,93,2.68,overcast clouds,MN,2021-01-17 22:24:32
Chuy,-33.6971,-53.4616,71.42,60,75,9.08,broken clouds,UY,2021-01-17 22:24:32
Senador Jose Porfirio,-2.5908,-51.9542,80.19,79,100,3.96,light rain,BR,2021-01-17 22:24:32
Berdigestyakh,62.0989,126.6992,-47.31,76,99,3.69,overcast clouds,RU,2021-01-17 22:24:32
Bengkulu,-3.8004,102.2655,75.16,85,99,5.79,light rain,ID,2021-01-17 22:24:33
Paamiut,61.994,-49.6678,28.17,94,100,9.75,overcast clouds,GL,2021-01-17 22:24:33
Norman Wells,65.282,-126.8329,-11.2,84,75,2.3,broken clouds,CA,2021-01-17 22:24:33
Dobrinka,52.1653,40.4731,-6.11,91,100,2.64,overcast clouds,RU,2021-01-17 22:24:33
Poum,-20.2333,164.0167,82.67,79,75,10.71,heavy intensity rain,NC,2021-01-17 22:24:33
Bethel,41.3712,-73.414,41.0,52,90,8.05,overcast clouds,US,2021-01-17 22:24:33
Wasilla,61.5814,-149.4394,37.4,60,90,10.36,overcast clouds,US,2021-01-17 22:24:33
East London,-33.0153,27.9116,70.34,71,92,4.9,overcast clouds,ZA,2021-01-17 22:24:33
Hirekerur,14.4667,75.3833,69.26,57,0,8.61,clear sky,IN,2021-01-17 22:24:33
Kodiak,57.79,-152.4072,37.4,75,90,8.05,overcast clouds,US,2021-01-17 22:24:33
Tottori,35.5,134.2333,32.0,69,20,5.75,few clouds,JP,2021-01-17 22:24:33
Tilichiki,60.4667,166.1,-16.49,84,100,15.35,overcast clouds,RU,2021-01-17 22:24:33
Port Hedland,-20.3167,118.5667,89.6,31,14,12.66,few clouds,AU,2021-01-17 22:24:33
Coquimbo,-29.9533,-71.3436,66.2,63,0,16.11,clear sky,CL,2021-01-17 22:20:30
Kloulklubed,7.0419,134.2556,75.2,88,90,9.22,heavy intensity rain,PW,2021-01-17 22:24:33
Hamilton,39.1834,-84.5333,35.01,80,90,8.05,light snow,US,2021-01-17 22:23:57
Nabire,-3.3667,135.4833,76.42,87,100,2.68,light rain,ID,2021-01-17 22:24:33
Zhengjiatun,43.5064,123.5064,-8.91,85,0,11.61,clear sky,CN,2021-01-17 22:24:34
Torbay,47.6666,-52.7314,37.0,100,90,18.41,moderate rain,CA,2021-01-17 22:24:34
Sistranda,63.7256,8.834,28.4,86,75,19.57,broken clouds,NO,2021-01-17 22:24:34
Faanui,-16.4833,-151.75,81.39,75,0,14.0,clear sky,PF,2021-01-17 22:24:34
Sitka,57.0531,-135.33,42.8,81,90,6.91,light rain,US,2021-01-17 22:22:48
Tiarei,-17.5333,-149.3333,86.0,70,40,13.8,scattered clouds,PF,2021-01-17 22:24:34
Tuktoyaktuk,69.4541,-133.0374,-4.0,84,90,9.22,overcast clouds,CA,2021-01-17 22:24:34
Fortuna,40.5982,-124.1573,60.01,82,1,12.66,clear sky,US,2021-01-17 22:24:34
Tairua,-37.0167,175.85,73.0,53,28,20.0,scattered clouds,NZ,2021-01-17 22:24:34
Valparaiso,-33.0393,-71.6273,75.2,43,0,6.91,clear sky,CL,2021-01-17 22:22:52
Coihaique,-45.5752,-72.0662,62.6,55,75,10.36,broken clouds,CL,2021-01-17 22:24:34
Kaitangata,-46.2817,169.8464,62.01,42,66,8.01,broken clouds,NZ,2021-01-17 22:24:34
Avera,33.194,-82.5271,50.0,46,1,6.91,clear sky,US,2021-01-17 22:24:34
Tuensang,26.2833,94.8333,50.61,81,37,3.69,scattered clouds,IN,2021-01-17 22:24:34
Ancud,-41.8697,-73.8203,64.4,63,0,8.05,clear sky,CL,2021-01-17 22:24:34
Broken Hill,-31.95,141.4333,60.8,55,11,18.41,few clouds,AU,2021-01-17 22:24:13
Ngunguru,-35.6167,174.5,73.0,57,20,10.0,few clouds,NZ,2021-01-17 22:24:34
Hithadhoo,-0.6,73.0833,80.94,71,92,7.87,overcast clouds,MV,2021-01-17 22:24:35
Tiksi,71.6872,128.8694,-20.02,88,100,7.65,overcast clouds,RU,2021-01-17 22:24:35
Svetlaya,46.5389,138.3297,2.21,81,78,7.49,broken clouds,RU,2021-01-17 22:24:35
Gualeguay,-33.1416,-59.3097,83.14,19,0,6.62,clear sky,AR,2021-01-17 22:24:35
Lodwar,3.1191,35.5973,84.34,46,46,7.9,scattered clouds,KE,2021-01-17 22:24:35
Pueblo Nuevo,23.3833,-105.3833,70.12,22,0,4.16,clear sky,MX,2021-01-17 22:24:35
Hilo,19.7297,-155.09,80.6,57,75,4.61,light rain,US,2021-01-17 22:24:35
La Ligua,-32.4524,-71.2311,64.4,77,0,12.66,clear sky,CL,2021-01-17 22:24:35
Praia Da Vitoria,38.7333,-27.0667,62.01,94,75,31.09,light rain,PT,2021-01-17 22:23:54
Narsaq,60.9167,-46.05,22.46,90,100,5.7,overcast clouds,GL,2021-01-17 22:24:36
Ziro,27.6333,93.8333,36.95,100,0,2.66,clear sky,IN,2021-01-17 22:24:36
Barra Do Corda,-5.5,-45.25,76.62,92,100,2.17,light rain,BR,2021-01-17 22:24:36
Hofn,64.2539,-15.2082,38.88,72,100,12.53,overcast clouds,IS,2021-01-17 22:20:18
Castro,-24.7911,-50.0119,66.02,95,100,8.66,light rain,BR,2021-01-17 22:21:30
Baker City,44.7749,-117.8344,44.6,65,1,4.61,clear sky,US,2021-01-17 22:24:36
Hoshcha,50.6003,26.6744,3.4,94,100,6.51,overcast clouds,UA,2021-01-17 22:24:36
Cayenne,4.9333,-52.3333,80.6,83,75,6.91,broken clouds,GF,2021-01-17 22:24:36
Binzhou,37.3667,118.0167,22.98,69,0,5.01,clear sky,CN,2021-01-17 22:24:36
Ariquemes,-9.9133,-63.0408,76.98,94,99,2.15,overcast clouds,BR,2021-01-17 22:24:36
Otane,-39.8833,176.6333,61.0,72,32,11.01,scattered clouds,NZ,2021-01-17 22:24:36
Mancio Lima,-7.6142,-72.8958,89.6,58,20,5.75,light rain,BR,2021-01-17 22:24:36
Atasu,48.6814,71.6433,15.87,90,95,3.74,overcast clouds,KZ,2021-01-17 22:24:36
Wenling,28.3669,121.36,37.0,78,0,3.91,clear sky,CN,2021-01-17 22:24:36
Poronaysk,49.2167,143.1167,-14.98,83,92,2.55,overcast clouds,RU,2021-01-17 22:24:36
Shelburne,44.0787,-80.2041,30.99,88,96,7.74,overcast clouds,CA,2021-01-17 22:24:36
Mbandaka,0.0487,18.2603,73.04,86,98,2.73,overcast clouds,CD,2021-01-17 22:24:09
Yuanping,38.7153,112.7575,17.76,65,0,2.55,clear sky,CN,2021-01-17 22:20:31
Mlalo,-4.9333,38.9333,73.15,92,97,4.21,light rain,TZ,2021-01-17 22:24:37
Clearlake,38.9582,-122.6264,80.01,45,0,1.99,clear sky,US,2021-01-17 22:24:37
Panaba,21.2833,-88.2667,69.75,66,91,9.28,overcast clouds,MX,2021-01-17 22:24:37
Sechura,-5.5569,-80.8222,80.4,58,98,18.01,overcast clouds,PE,2021-01-17 22:23:58
Pevek,69.7008,170.3133,-28.75,86,4,3.65,clear sky,RU,2021-01-17 22:24:37
Agadez,19.75,10.25,59.76,29,100,13.47,overcast clouds,NE,2021-01-17 22:24:37
Dawei,14.0833,98.2,72.27,56,65,11.23,broken clouds,MM,2021-01-17 22:24:38
Haines Junction,60.7522,-137.5108,23.0,93,77,1.14,broken clouds,CA,2021-01-17 22:24:38
Atuona,-9.8,-139.0333,78.51,77,50,14.81,scattered clouds,PF,2021-01-17 22:20:02
Kirya,-3.9167,37.4833,73.69,79,89,3.78,overcast clouds,TZ,2021-01-17 22:24:38
Luderitz,-26.6481,15.1594,65.03,77,17,12.17,few clouds,NA,2021-01-17 22:24:38
Derzhavinsk,51.1,66.3167,6.71,94,2,7.36,clear sky,KZ,2021-01-17 22:24:38
Ventspils,57.3894,21.5606,15.8,92,90,3.44,overcast clouds,LV,2021-01-17 22:24:38
Krasnokamensk,50.0979,118.0369,-24.07,79,0,4.34,clear sky,RU,2021-01-17 22:24:38
Moose Factory,51.2585,-80.6094,8.6,85,20,8.05,few clouds,CA,2021-01-17 22:24:38
Georgetown,5.4112,100.3354,80.01,61,20,12.66,few clouds,MY,2021-01-17 22:24:38
Half Moon Bay,37.4636,-122.4286,71.6,48,1,12.66,clear sky,US,2021-01-17 22:24:38
Kovernino,57.1253,43.8142,-12.08,90,50,1.14,scattered clouds,RU,2021-01-17 22:24:38
Topaipi,5.3346,-74.3029,71.65,85,79,1.3,broken clouds,CO,2021-01-17 22:24:38
Iqaluit,63.7506,-68.5145,-14.8,70,20,5.75,few clouds,CA,2021-01-17 22:24:38
Namibe,-15.1961,12.1522,73.71,75,99,10.69,overcast clouds,AO,2021-01-17 22:22:03
Broome,42.2506,-75.833,37.0,69,90,8.05,overcast clouds,US,2021-01-17 22:20:52
Sisimiut,66.9395,-53.6735,17.44,94,100,19.42,light snow,GL,2021-01-17 22:24:38
Tarauaca,-8.1614,-70.7656,82.4,83,42,2.28,light rain,BR,2021-01-17 22:24:38
Lagoa,39.05,-27.9833,62.19,84,100,25.57,light rain,PT,2021-01-17 22:24:38
Port Blair,11.6667,92.75,79.5,79,47,16.75,scattered clouds,IN,2021-01-17 22:24:39
Pacific Grove,36.6177,-121.9166,78.8,27,1,5.75,clear sky,US,2021-01-17 22:24:39
Sabha,27.0377,14.4283,44.08,58,0,4.83,clear sky,LY,2021-01-17 22:24:39
Fairbanks,64.8378,-147.7164,5.0,85,1,1.66,clear sky,US,2021-01-17 22:24:39
Ulaangom,49.9811,92.0667,-20.96,84,80,1.3,broken clouds,MN,2021-01-17 22:24:39
Hasaki,35.7333,140.8333,34.0,80,75,6.91,light snow,JP,2021-01-17 22:21:14
Carnarvon,-24.8667,113.6333,80.6,78,98,5.75,overcast clouds,AU,2021-01-17 22:24:39
Clyde River,70.4692,-68.5914,6.8,92,90,26.46,snow,CA,2021-01-17 22:20:15
Antalaha,-14.9003,50.2788,76.41,89,7,4.97,light rain,MG,2021-01-17 22:24:39
College,64.8569,-147.8028,5.0,85,75,1.86,broken clouds,US,2021-01-17 22:24:39
Tucumcari,35.1717,-103.725,48.2,34,1,5.75,clear sky,US,2021-01-17 22:22:25
Comodoro Rivadavia,-45.8667,-67.5,71.6,53,0,11.5,clear sky,AR,2021-01-17 22:24:21
Taoudenni,22.6783,-3.9836,58.98,31,38,16.6,scattered clouds,ML,2021-01-17 22:21:42
Talnakh,69.4865,88.3972,-8.73,76,100,4.61,overcast clouds,RU,2021-01-17 22:24:40
Victoria,22.2855,114.1577,55.0,50,84,9.84,broken clouds,HK,2021-01-17 22:24:34
Manali,13.1667,80.2667,71.6,88,40,6.42,mist,IN,2021-01-17 22:24:40
Lebu,-37.6167,-73.65,59.29,76,0,20.69,clear sky,CL,2021-01-17 22:24:40
Dalvik,65.9702,-18.5286,33.8,80,90,3.44,light snow,IS,2021-01-17 22:24:40
Havelock,34.8791,-76.9013,46.99,57,1,10.36,clear sky,US,2021-01-17 22:24:40
Nanortalik,60.1432,-45.2371,27.07,94,100,4.25,overcast clouds,GL,2021-01-17 22:24:40
Chernyshkovskiy,48.4219,42.2308,12.94,95,100,9.6,snow,RU,2021-01-17 22:24:40
Kisangani,0.5167,25.2,72.7,83,58,2.66,broken clouds,CD,2021-01-17 22:24:40
Kavieng,-2.5744,150.7967,84.2,72,52,17.07,broken clouds,PG,2021-01-17 22:24:40
Jonava,55.0833,24.2833,-5.8,71,90,1.45,light snow,LT,2021-01-17 22:24:40
The Pas,53.8251,-101.2541,-2.2,78,90,4.61,overcast clouds,CA,2021-01-17 22:24:40
Longyearbyen,78.2186,15.6401,19.4,68,40,33.38,scattered clouds,SJ,2021-01-17 22:20:20
Yerbogachen,61.2767,108.0108,-39.69,79,100,4.9,overcast clouds,RU,2021-01-17 22:24:41
Aykhal,66.0,111.5,-36.67,80,89,2.71,overcast clouds,RU,2021-01-17 22:20:08
Kawalu,-7.3817,108.2082,71.91,86,66,2.46,broken clouds,ID,2021-01-17 22:24:41
Djenne,13.9061,-4.5533,72.64,19,24,10.67,few clouds,ML,2021-01-17 22:24:41
Pangody,65.85,74.4859,-12.86,89,100,11.95,overcast clouds,RU,2021-01-17 22:24:41
Evansville,37.9748,-87.5558,37.4,65,90,8.05,overcast clouds,US,2021-01-17 22:22:48
Esperance,-33.8667,121.9,59.0,82,8,9.22,clear sky,AU,2021-01-17 22:24:41
Fayetteville,35.0527,-78.8784,48.0,46,1,11.5,clear sky,US,2021-01-17 22:21:26
Gazi,35.3253,25.0669,43.0,87,40,6.91,scattered clouds,GR,2021-01-17 22:24:41
Chapais,49.7834,-74.8492,19.4,93,90,11.5,light snow,CA,2021-01-17 22:24:41
Carutapera,-1.195,-46.02,79.57,81,68,8.08,broken clouds,BR,2021-01-17 22:24:41
Thompson,55.7435,-97.8558,-7.6,77,75,3.44,broken clouds,CA,2021-01-17 22:20:54
Lakatoro,-16.0999,167.4164,84.61,72,68,7.07,broken clouds,VU,2021-01-17 22:24:41
Leona Vicario,20.9667,-87.1917,66.2,88,90,5.75,overcast clouds,MX,2021-01-17 22:24:41
Kuito,-12.3833,16.9333,64.54,79,100,1.32,overcast clouds,AO,2021-01-17 22:24:41
Ugoofaaru,5.6667,73.0,81.61,76,31,10.69,scattered clouds,MV,2021-01-17 22:24:41
San Quintin,30.4833,-115.95,73.31,29,0,5.73,clear sky,MX,2021-01-17 22:24:41
Charyshskoye,51.3978,83.5598,19.53,84,91,5.08,overcast clouds,RU,2021-01-17 22:24:41
Touros,-5.1989,-35.4608,78.8,73,20,9.22,few clouds,BR,2021-01-17 22:24:42
Aginskoye,51.1,114.53,-21.33,77,0,3.71,clear sky,RU,2021-01-17 22:24:42
Yankton,42.8711,-97.3973,37.4,60,90,14.97,overcast clouds,US,2021-01-17 22:24:42
Kemi,65.8596,24.8228,5.0,85,20,3.44,few clouds,FI,2021-01-17 22:24:42
Arraial Do Cabo,-22.9661,-42.0278,80.6,78,0,17.27,clear sky,BR,2021-01-17 22:24:35
Bathsheba,13.2167,-59.5167,78.8,73,40,19.57,scattered clouds,BB,2021-01-17 22:20:01
Brenes,37.5494,-5.8714,48.0,87,0,2.3,clear sky,ES,2021-01-17 22:24:42
Marzuq,14.4,46.4667,59.94,51,56,2.1,broken clouds,YE,2021-01-17 22:24:42
Khandyga,62.6667,135.6,-52.73,77,78,1.16,broken clouds,RU,2021-01-17 22:24:42
Tamandare,-8.7597,-35.1047,77.86,80,3,8.95,clear sky,BR,2021-01-17 22:24:42
Calama,-22.4667,-68.9333,68.0,21,0,29.93,clear sky,CL,2021-01-17 22:24:42
Tshikapa,-6.4167,20.8,70.95,92,99,2.08,light rain,CD,2021-01-17 22:24:42
Lyaskelya,61.7667,31.0167,22.5,97,96,6.26,overcast clouds,RU,2021-01-17 22:24:42
Itupiranga,-5.1347,-49.3267,80.6,94,75,0.92,heavy intensity rain,BR,2021-01-17 22:24:42
Sumbe,-11.2061,13.8437,75.31,82,100,9.28,overcast clouds,AO,2021-01-17 22:24:42
Alta Floresta,-9.8756,-56.0861,78.8,89,75,1.14,broken clouds,BR,2021-01-17 22:24:43
Pagudpud,18.5616,120.7868,73.4,73,20,17.27,few clouds,PH,2021-01-17 22:24:43
Vardo,70.3705,31.1107,33.8,86,40,25.32,light snow,NO,2021-01-17 22:24:43
Reading,51.4562,-0.9711,37.0,93,75,5.75,broken clouds,GB,2021-01-17 22:24:43
Camacha,33.0833,-16.3333,57.2,62,75,5.75,broken clouds,PT,2021-01-17 22:20:27
Saskylakh,71.9167,114.0833,-28.08,84,72,6.06,broken clouds,RU,2021-01-17 22:19:59
Xining,36.6167,101.7667,13.98,59,0,2.77,clear sky,CN,2021-01-17 22:24:43
Taree,-31.9,152.4667,71.01,73,98,4.61,overcast clouds,AU,2021-01-17 22:20:24
Xai-Xai,-25.0519,33.6442,78.57,78,100,11.92,overcast clouds,MZ,2021-01-17 22:24:43
Nannilam,10.8793,79.6106,67.78,91,3,5.66,clear sky,IN,2021-01-17 22:24:43
Provideniya,64.3833,-173.3,-2.2,65,90,11.18,overcast clouds,RU,2021-01-17 22:24:43
Sobolevo,54.4299,31.8996,-9.29,91,17,4.41,light snow,RU,2021-01-17 22:24:43
Sibu,2.3,111.8167,75.0,94,40,2.3,scattered clouds,MY,2021-01-17 22:24:44
Nantucket,41.2835,-70.0995,41.0,60,1,21.85,clear sky,US,2021-01-17 22:21:33
Casalmaggiore,44.9939,10.4189,37.0,100,40,1.14,mist,IT,2021-01-17 22:24:44
Barcelos,41.5388,-8.6151,41.0,87,0,2.3,clear sky,PT,2021-01-17 22:24:44
Araouane,18.9048,-3.5265,64.18,24,11,12.39,few clouds,ML,2021-01-17 22:24:44
Hay River,60.8156,-115.7999,8.6,85,46,2.3,scattered clouds,CA,2021-01-17 22:24:44
Neiafu,-18.65,-173.9833,84.2,74,20,9.22,few clouds,TO,2021-01-17 22:24:44
Nyurba,63.2842,118.3319,-33.65,82,100,5.5,overcast clouds,RU,2021-01-17 22:24:44
Kushima,31.4583,131.2333,33.8,74,40,2.3,scattered clouds,JP,2021-01-17 22:24:44
Pavlovsk,50.4578,40.1081,-0.56,91,100,5.06,overcast clouds,RU,2021-01-17 22:24:44
Bulungu,-4.55,18.6,71.37,89,100,0.04,light rain,CD,2021-01-17 22:24:44
Zedelgem,51.1262,3.1372,39.0,92,100,4.0,overcast clouds,BE,2021-01-17 22:24:44
Manzanillo,20.3433,-77.1167,81.18,63,100,5.44,overcast clouds,CU,2021-01-17 22:24:44
Honningsvag,70.9821,25.9704,37.4,87,75,14.97,broken clouds,NO,2021-01-17 22:24:45
Tasiilaq,65.6145,-37.6368,23.0,63,0,5.75,clear sky,GL,2021-01-17 22:19:58
Vestmannaeyjar,63.4427,-20.2734,36.81,81,100,28.32,overcast clouds,IS,2021-01-17 22:24:45
Najran,17.4924,44.1277,59.0,36,0,1.61,clear sky,SA,2021-01-17 22:24:45
Northam,51.0333,-4.2167,45.0,87,100,3.0,overcast clouds,GB,2021-01-17 22:24:45
Orapa,-21.2833,25.3667,75.96,76,85,5.28,light rain,BW,2021-01-17 22:24:45
Eucaliptus,-17.5833,-67.5167,55.9,60,95,13.42,moderate rain,BO,2021-01-17 22:24:45
Komsomolskiy,40.4272,71.7189,35.6,60,85,6.91,overcast clouds,UZ,2021-01-17 22:24:45
Zhanaozen,43.3,52.8,37.74,78,0,16.08,clear sky,KZ,2021-01-17 22:21:12
Saint Augustine,29.8947,-81.3145,57.2,47,1,5.75,clear sky,US,2021-01-17 22:24:46
Samarai,-10.6167,150.6667,84.38,76,38,15.08,scattered clouds,PG,2021-01-17 22:22:38
Lubao,14.9167,120.55,78.8,69,75,4.61,broken clouds,PH,2021-01-17 22:24:46
Goderich,43.7501,-81.7165,32.0,93,100,4.61,overcast clouds,CA,2021-01-17 22:24:46
Tuatapere,-46.1333,167.6833,60.01,56,50,8.01,scattered clouds,NZ,2021-01-17 22:24:46
Nioro,13.35,-15.75,78.58,15,70,10.94,broken clouds,GM,2021-01-17 22:20:20
Andenes,69.3143,16.1194,30.2,93,75,6.91,light snow,NO,2021-01-17 22:24:46
Farim,12.4839,-15.2217,77.0,36,87,6.91,overcast clouds,GW,2021-01-17 22:24:46
Tha Mai,12.6214,102.0048,73.0,86,25,12.95,scattered clouds,TH,2021-01-17 22:24:46
Shaowu,27.3409,117.4831,33.67,85,0,1.32,clear sky,CN,2021-01-17 22:24:46
Azuaga,38.2667,-5.6833,39.92,70,45,2.66,scattered clouds,ES,2021-01-17 22:24:46
Maldonado,-34.6667,-54.9167,69.8,68,75,19.57,broken clouds,UY,2021-01-17 22:22:26
Tura,25.5198,90.2201,58.24,69,0,3.47,clear sky,IN,2021-01-17 22:24:02
Bairiki,1.3292,172.9752,82.4,74,40,12.66,scattered clouds,KI,2021-01-17 22:24:46
Coahuayana,18.7333,-103.6833,80.6,54,75,11.5,broken clouds,MX,2021-01-17 22:24:46
Basco,20.4487,121.9702,69.26,80,99,33.58,overcast clouds,PH,2021-01-17 22:24:46
Kruisfontein,-34.0033,24.7314,66.99,77,60,3.0,broken clouds,ZA,2021-01-17 22:24:46
Bayan,46.0833,127.4,-13.22,87,100,10.6,overcast clouds,CN,2021-01-17 22:24:47
Bandar-E Lengeh,26.5579,54.8807,62.6,88,0,4.61,mist,IR,2021-01-17 22:24:47
Ulladulla,-35.35,150.4667,71.6,60,0,8.05,clear sky,AU,2021-01-17 22:24:47
Qinzhou,21.95,108.6167,49.53,50,74,11.43,broken clouds,CN,2021-01-17 22:24:47
Bukama,-9.2,25.85,69.67,92,92,1.23,overcast clouds,CD,2021-01-17 22:24:47
Rapar,23.5667,70.6333,67.17,47,0,7.9,clear sky,IN,2021-01-17 22:20:04
Charlestown,-32.95,151.6667,73.99,84,94,4.36,overcast clouds,AU,2021-01-17 22:24:47
Camacupa,-12.0167,17.4833,65.26,89,100,1.54,overcast clouds,AO,2021-01-17 22:24:47
Pilar,-9.5972,-35.9567,77.0,83,20,6.91,few clouds,BR,2021-01-17 22:20:16
Yellowknife,62.456,-114.3525,1.0,85,90,4.61,light snow,CA,2021-01-17 22:20:15
Kyren,51.6828,102.1408,9.55,86,99,1.07,overcast clouds,RU,2021-01-17 22:24:47
Aksu,41.1231,80.2644,11.23,87,0,2.3,clear sky,CN,2021-01-17 22:24:47
Cabo San Lucas,22.8909,-109.9124,78.8,27,1,5.75,clear sky,MX,2021-01-17 22:23:24
Idritsa,56.3316,28.8988,3.52,94,46,2.64,scattered clouds,RU,2021-01-17 22:24:47
Ternate,0.8,127.4,80.19,79,100,5.93,moderate rain,ID,2021-01-17 22:20:27
Virginia Beach,36.8529,-75.978,46.99,52,73,1.99,broken clouds,US,2021-01-17 22:24:47
Maceio,-9.6658,-35.7353,77.0,83,20,6.91,few clouds,BR,2021-01-17 22:23:00
Marang,5.2056,103.2059,77.0,78,20,5.75,few clouds,MY,2021-01-17 22:24:47
Cansancao,-10.6672,-39.4992,79.34,52,33,13.35,scattered clouds,BR,2021-01-17 22:24:48
Lasa,46.6166,10.7002,30.0,74,75,6.91,broken clouds,IT,2021-01-17 22:24:48
Chicama,-7.8447,-79.1469,69.8,83,0,11.5,clear sky,PE,2021-01-17 22:24:48
Ulaanbaatar,47.9077,106.8832,-14.8,76,0,2.24,clear sky,MN,2021-01-17 22:24:35
Northview,43.0456,-85.6006,34.0,86,90,3.44,light snow,US,2021-01-17 22:24:48
Saldanha,-33.0117,17.9442,66.2,72,0,5.75,clear sky,ZA,2021-01-17 22:24:48
Penzance,50.1186,-5.5371,44.6,81,75,11.5,broken clouds,GB,2021-01-17 22:24:48
Nikolskoye,59.7035,30.7861,18.0,93,75,4.47,snow,RU,2021-01-17 22:24:48
Prata,-19.3072,-48.9242,72.93,86,100,4.79,light rain,BR,2021-01-17 22:24:48
Lima,-12.0432,-77.0282,75.2,64,0,17.27,clear sky,PE,2021-01-17 22:23:01
Pisco,-13.7,-76.2167,73.4,73,0,24.16,clear sky,PE,2021-01-17 22:24:48
Ondjiva,-17.0667,15.7333,77.86,25,95,8.28,overcast clouds,AO,2021-01-17 22:24:48
Swan Hill,-35.3378,143.5544,62.58,48,0,8.99,clear sky,AU,2021-01-17 22:24:48
Klaksvik,62.2266,-6.589,37.4,81,20,11.5,few clouds,FO,2021-01-17 22:24:48
Husavik,66.0449,-17.3389,33.8,80,90,3.44,snow,IS,2021-01-17 22:24:48
Ambon,-3.6954,128.1814,77.0,94,40,11.5,moderate rain,ID,2021-01-17 22:24:48
Wanning,18.8003,110.3967,54.82,70,1,13.76,clear sky,CN,2021-01-17 22:21:51
Kushiro,42.975,144.3747,8.6,92,20,5.75,few clouds,JP,2021-01-17 22:24:48
Alghero,40.5589,8.3181,53.6,62,0,14.97,clear sky,IT,2021-01-17 22:24:48
Dawlatabad,36.4141,64.9053,44.67,57,99,2.21,overcast clouds,AF,2021-01-17 22:24:49
Kazachinskoye,57.6953,93.2761,11.01,94,100,6.58,overcast clouds,RU,2021-01-17 22:21:19
Bartica,6.4,-58.6167,80.6,78,20,11.5,few clouds,GY,2021-01-17 22:24:49
Bodden Town,19.2833,-81.25,80.6,74,40,8.05,scattered clouds,KY,2021-01-17 22:23:22
Balkhash,46.844,74.9804,12.74,94,52,9.22,broken clouds,KZ,2021-01-17 22:24:49
Asyut,27.181,31.1837,53.6,47,0,11.5,clear sky,EG,2021-01-17 22:24:49
Bria,6.5423,21.9863,71.38,28,28,2.84,scattered clouds,CF,2021-01-17 22:24:49
Winslow,35.0242,-110.6974,57.2,14,1,3.44,clear sky,US,2021-01-17 22:24:49
Yangcun,39.3639,117.0603,15.8,62,0,2.24,clear sky,CN,2021-01-17 22:24:49
Tiznit,29.5833,-9.5,55.0,52,0,2.55,clear sky,MA,2021-01-17 22:24:50
Yarada,17.65,83.2667,69.8,100,20,2.3,mist,IN,2021-01-17 22:24:50
Mayor Pablo Lagerenza,-19.9309,-60.7718,65.61,88,100,13.51,light rain,PY,2021-01-17 22:24:50
Faya,18.3851,42.4509,55.4,87,0,5.75,clear sky,SA,2021-01-17 22:21:10
Volchikha,52.0333,80.3833,14.94,95,55,13.51,broken clouds,RU,2021-01-17 22:24:50
Lanzhou,36.0564,103.7922,5.0,61,0,6.71,clear sky,CN,2021-01-17 22:24:50
Flinders,-34.5833,150.8552,73.99,71,15,1.99,few clouds,AU,2021-01-17 22:24:50
Olafsvik,64.8945,-23.7142,35.65,95,99,10.69,overcast clouds,IS,2021-01-17 22:24:50
Manta,-0.95,-80.7333,82.4,69,40,9.22,scattered clouds,EC,2021-01-17 22:24:50
Severo-Kurilsk,50.6789,156.125,20.46,92,87,38.61,light snow,RU,2021-01-17 22:20:51
Chara,56.9064,118.2631,-41.51,64,2,0.54,clear sky,RU,2021-01-17 22:21:51
San Vicente,-26.6167,-54.1333,68.95,100,100,2.19,light rain,AR,2021-01-17 22:24:50
Kaduna,10.5222,7.4383,72.82,20,2,8.79,clear sky,NG,2021-01-17 22:24:50
Omsukchan,62.5333,155.8,-36.89,79,100,6.98,overcast clouds,RU,2021-01-17 22:24:50
Inhambane,-23.865,35.3833,78.58,88,100,4.9,overcast clouds,MZ,2021-01-17 22:21:13
Havre-Saint-Pierre,50.2334,-63.5986,33.8,100,90,18.41,light rain,CA,2021-01-17 22:24:50
Amurzet,47.6967,131.0981,-5.15,91,100,6.87,light snow,RU,2021-01-17 22:24:50
San Patricio,28.017,-97.5169,69.8,46,20,9.22,few clouds,US,2021-01-17 22:24:50
Olinda,-8.0089,-34.8553,78.8,65,20,11.5,few clouds,BR,2021-01-17 22:24:51
Shenzhen,22.5455,114.0683,54.0,58,92,1.01,overcast clouds,CN,2021-01-17 22:24:51
Padang,-0.9492,100.3543,75.2,94,75,2.3,heavy intensity rain,ID,2021-01-17 22:24:51
Freeport,40.6576,-73.5832,44.01,52,75,16.11,broken clouds,US,2021-01-17 22:20:15
Abu Samrah,35.3029,37.1841,47.17,75,19,16.15,few clouds,SY,2021-01-17 22:24:51
Rawson,-43.3002,-65.1023,66.11,54,28,12.08,scattered clouds,AR,2021-01-17 22:20:00
Srednekolymsk,67.45,153.6833,-40.65,81,41,3.44,scattered clouds,RU,2021-01-17 22:24:51
Cidreira,-30.1811,-50.2056,75.36,90,100,12.3,moderate rain,BR,2021-01-17 22:24:51
El Dorado,38.7666,-120.5177,72.0,37,0,2.75,clear sky,US,2021-01-17 22:24:51
Nome,64.5011,-165.4064,3.99,78,1,4.29,clear sky,US,2021-01-17 22:23:46
Sampit,-2.5333,112.95,74.61,90,100,1.34,overcast clouds,ID,2021-01-17 22:23:08
Belmonte,-15.8631,-38.8828,78.8,73,20,6.91,few clouds,BR,2021-01-17 22:24:51
Cortez,37.3489,-108.5859,53.6,17,1,13.8,clear sky,US,2021-01-17 22:24:51
Tonantins,-2.8731,-67.8022,80.15,93,80,2.71,light rain,BR,2021-01-17 22:24:51
Santo Antonio Do Ica,-3.1022,-67.9397,79.86,92,91,3.38,overcast clouds,BR,2021-01-17 22:24:52
Hami,42.8,93.45,14.32,75,0,3.47,clear sky,CN,2021-01-17 22:24:52
Imbituba,-28.24,-48.6703,78.8,89,75,8.05,broken clouds,BR,2021-01-17 22:24:52
Vostok,46.4856,135.8833,-14.21,87,13,3.85,few clouds,RU,2021-01-17 22:24:52
Oktyabrskoye,43.0645,44.7417,30.2,100,100,6.71,overcast clouds,RU,2021-01-17 22:24:52
Harlingen,26.1906,-97.6961,72.0,60,75,13.8,broken clouds,US,2021-01-17 22:20:21
Kasamwa,-2.85,32.4333,64.63,82,100,2.01,overcast clouds,TZ,2021-01-17 22:24:52
Sheltozero,61.3667,35.3667,15.19,97,100,7.02,light snow,RU,2021-01-17 22:24:52
Ahipara,-35.1667,173.1667,67.82,58,32,12.12,scattered clouds,NZ,2021-01-17 22:24:52
Bud,39.447,-86.1758,32.0,91,98,11.03,overcast clouds,US,2021-01-17 22:24:52
Tsaratanana,-16.7833,47.65,75.9,79,99,1.12,overcast clouds,MG,2021-01-17 22:24:52
Beringovskiy,63.05,179.3167,-13.47,87,21,7.78,few clouds,RU,2021-01-17 22:22:08
Doha,25.2867,51.5333,66.2,77,0,4.61,clear sky,QA,2021-01-17 22:24:52
Masuri,35.8488,128.1492,23.0,86,75,1.14,broken clouds,KR,2021-01-17 22:24:52
Batagay-Alyta,67.8006,130.4114,-34.78,82,100,0.85,overcast clouds,RU,2021-01-17 22:24:52
Salta,-24.7859,-65.4117,68.0,73,0,6.91,clear sky,AR,2021-01-17 22:24:52
Puerto Berrio,6.4916,-74.4033,85.8,64,24,3.11,few clouds,CO,2021-01-17 22:24:52
Puerto Narino,-3.7703,-70.3831,87.8,74,40,3.98,light rain,CO,2021-01-17 22:24:52
Bay Roberts,47.5999,-53.2648,39.0,96,100,1.99,moderate rain,CA,2021-01-17 22:24:52
Tautira,-17.7333,-149.15,86.0,70,40,13.8,scattered clouds,PF,2021-01-17 22:24:52
Sorland,67.667,12.6934,30.2,93,75,3.44,broken clouds,NO,2021-01-17 22:24:53
Rochelle,46.25,-1.0,41.0,93,0,2.3,clear sky,FR,2021-01-17 22:24:53
Hervey Bay,-25.2986,152.8535,82.0,65,75,10.36,broken clouds,AU,2021-01-17 22:24:53
Kang,-23.6752,22.7876,77.68,17,92,9.62,overcast clouds,BW,2021-01-17 22:24:53
Valer,60.6785,11.8331,17.6,93,75,2.3,broken clouds,NO,2021-01-17 22:24:53
Revda,56.801,59.9303,3.2,78,75,17.9,light snow,RU,2021-01-17 22:24:53
Syamzha,60.0158,41.0614,-2.92,92,88,5.46,snow,RU,2021-01-17 22:24:53
Hearst,49.6835,-83.6665,6.8,78,13,3.44,few clouds,CA,2021-01-17 22:24:53
Klyuchi,52.2667,79.1667,17.31,95,65,13.09,broken clouds,RU,2021-01-17 22:24:53
Saint Anthony,45.0205,-93.218,21.99,86,90,5.75,overcast clouds,US,2021-01-17 22:24:54
Chernoyerkovskaya,45.4331,37.7686,24.8,80,100,11.18,overcast clouds,RU,2021-01-17 22:24:54
Lurate Caccivio,45.7667,9.0,30.99,74,55,1.57,broken clouds,IT,2021-01-17 22:24:54
Bantacan,7.604,126.1298,72.39,86,100,2.33,moderate rain,PH,2021-01-17 22:24:54
Kijang,35.2442,129.2139,23.0,63,20,1.14,few clouds,KR,2021-01-17 22:24:54
Nishihara,26.1842,127.7558,59.0,50,75,9.22,broken clouds,JP,2021-01-17 22:20:39
Jiexiu,37.0244,111.9125,28.0,57,0,7.92,clear sky,CN,2021-01-17 22:24:54
Berlevag,70.8578,29.0864,37.4,81,75,16.11,broken clouds,NO,2021-01-17 22:24:54
Uige,-7.6087,15.0613,66.33,84,100,1.28,overcast clouds,AO,2021-01-17 22:24:55
Susanville,40.4163,-120.653,57.99,47,1,5.75,clear sky,US,2021-01-17 22:24:55
Yamoussoukro,6.8206,-5.2767,71.6,83,75,4.61,broken clouds,CI,2021-01-17 22:24:55
Eenhana,-17.4667,16.3333,82.4,54,85,6.91,overcast clouds,NA,2021-01-17 22:24:55
Pangnirtung,66.1451,-65.7125,-7.6,71,20,2.24,few clouds,CA,2021-01-17 22:24:55
Filimonovo,56.2011,95.4611,16.02,93,94,15.12,overcast clouds,RU,2021-01-17 22:24:55
Mandalgovi,45.7625,106.2708,5.97,86,0,4.61,clear sky,MN,2021-01-17 22:21:26
Okha,53.5739,142.9478,-19.37,87,24,13.29,few clouds,RU,2021-01-17 22:24:55
Mirnyy,62.5353,113.9611,-38.2,81,100,6.35,overcast clouds,RU,2021-01-17 22:24:55
Moron,-34.6534,-58.6198,75.99,42,0,4.0,clear sky,AR,2021-01-17 22:24:33
Belaya Gora,68.5333,146.4167,-38.43,83,38,0.78,scattered clouds,RU,2021-01-17 22:24:55
Adre,13.4667,22.2,64.04,23,23,10.65,few clouds,TD,2021-01-17 22:24:55
Yulara,-25.2406,130.9889,69.8,24,0,11.5,clear sky,AU,2021-01-17 22:21:35
Rio Brilhante,-21.8019,-54.5464,75.34,92,100,7.27,overcast clouds,BR,2021-01-17 22:24:55
Renqiu,38.6989,116.0936,23.22,65,0,5.06,clear sky,CN,2021-01-17 22:24:55
Asau,46.4333,26.4,23.0,86,75,8.05,light snow,RO,2021-01-17 22:24:55
Urumqi,43.801,87.6005,-0.4,78,0,9.35,mist,CN,2021-01-17 22:20:11
Qom,34.6401,50.8764,47.34,54,45,6.96,scattered clouds,IR,2021-01-17 22:24:55
Vierzon,47.2101,2.0625,37.4,93,90,4.0,overcast clouds,FR,2021-01-17 22:24:55
Taft,31.7471,54.2088,44.6,53,0,2.3,clear sky,IR,2021-01-17 22:24:55
Naze,28.3667,129.4833,50.0,81,40,10.36,light rain,JP,2021-01-17 22:20:59
Praya,14.9215,-23.5087,71.6,73,0,16.11,clear sky,CV,2021-01-17 22:21:17
Ranfurly,-45.1333,170.1,57.0,51,65,4.0,broken clouds,NZ,2021-01-17 22:24:56
Auki,-8.7676,160.7034,83.26,75,85,3.91,light rain,SB,2021-01-17 22:24:56
Colorado Springs,38.8339,-104.8214,42.01,44,20,11.5,few clouds,US,2021-01-17 22:22:57
Quatre Cocos,-20.2078,57.7625,80.01,78,75,11.5,broken clouds,MU,2021-01-17 22:24:56
Adet,11.2644,37.4888,58.5,42,88,8.12,overcast clouds,ET,2021-01-17 22:24:56
Burns Lake,54.2331,-125.7533,30.2,80,27,1.14,scattered clouds,CA,2021-01-17 22:24:56
Meulaboh,4.1363,96.1285,76.3,84,97,4.12,overcast clouds,ID,2021-01-17 22:24:56
Aksarka,66.5606,67.7975,-15.59,87,100,18.07,overcast clouds,RU,2021-01-17 22:24:56
Port Hardy,50.6996,-127.4199,48.2,93,75,4.61,light rain,CA,2021-01-17 22:24:56
Cody,44.5263,-109.0565,48.2,34,1,9.22,clear sky,US,2021-01-17 22:24:56
Sassandra,4.95,-6.0833,78.67,85,0,6.29,clear sky,CI,2021-01-17 22:24:56
Nanakuli,21.3906,-158.1547,75.2,73,90,4.61,overcast clouds,US,2021-01-17 22:21:20
Plettenberg Bay,-34.0527,23.3716,65.14,88,18,7.45,few clouds,ZA,2021-01-17 22:21:00
Noumea,-22.2763,166.4572,82.99,74,75,3.44,broken clouds,NC,2021-01-17 22:21:32
Porto Belo,-27.1578,-48.5531,82.4,83,75,11.5,light rain,BR,2021-01-17 22:24:57
Buraydah,26.326,43.975,53.6,62,0,5.75,clear sky,SA,2021-01-17 22:24:57
Lompoc,34.6391,-120.4579,82.4,18,0,12.66,clear sky,US,2021-01-17 22:24:57
Estelle,29.8458,-90.1067,63.0,27,1,9.22,clear sky,US,2021-01-17 22:24:57
Zaraza,9.3503,-65.3245,78.78,69,83,10.63,broken clouds,VE,2021-01-17 22:24:57
Ban Nahin,18.2418,104.2122,50.83,64,59,6.08,broken clouds,LA,2021-01-17 22:24:57
Passo De Camaragibe,-9.2368,-35.4901,77.0,83,20,6.91,few clouds,BR,2021-01-17 22:24:57
Tabas,33.5959,56.9244,46.4,29,33,4.61,scattered clouds,IR,2021-01-17 22:23:55
Hommelvik,63.4108,10.7942,14.0,85,40,8.05,scattered clouds,NO,2021-01-17 22:24:57
Linshui,36.4247,114.2047,32.79,58,0,6.49,clear sky,CN,2021-01-17 22:24:57
Necochea,-38.5473,-58.7368,64.0,70,74,19.89,broken clouds,AR,2021-01-17 22:22:48
Sandpoint,48.2766,-116.5533,39.0,81,90,9.22,overcast clouds,US,2021-01-17 22:20:06
La Rioja,42.25,-2.5,46.4,87,90,8.05,overcast clouds,ES,2021-01-17 22:24:57
Cherskiy,68.75,161.3,-32.51,84,93,2.89,overcast clouds,RU,2021-01-17 22:24:57
Rantepao,-2.9701,119.8978,66.33,81,100,2.68,overcast clouds,ID,2021-01-17 22:24:14
Gasa,31.5,34.4667,54.0,100,72,1.01,moderate rain,PS,2021-01-17 22:24:18
Geraldton,-28.7667,114.6,78.8,61,86,3.44,overcast clouds,AU,2021-01-17 22:24:57
Kabanjahe,3.1001,98.4908,77.0,100,40,9.22,moderate rain,ID,2021-01-17 22:24:57
Nuevitas,21.5453,-77.2644,75.2,73,75,10.36,broken clouds,CU,2021-01-17 22:24:58
Porto Franco,-6.3383,-47.3992,76.78,88,91,1.3,overcast clouds,BR,2021-01-17 22:24:58
Salym,60.0625,71.4789,-8.45,90,98,7.78,overcast clouds,RU,2021-01-17 22:24:58
Talakan,50.3167,130.3667,-12.55,88,100,3.11,overcast clouds,RU,2021-01-17 22:24:58
Whitehorse,60.7161,-135.0538,28.4,86,75,17.27,snow,CA,2021-01-17 22:21:13
Mercedes,-34.6515,-59.4307,77.0,35,0,4.0,clear sky,AR,2021-01-17 22:23:17
Port-Gentil,-0.7193,8.7815,80.6,89,75,2.3,moderate rain,GA,2021-01-17 22:24:58
Vagay,57.9375,69.0217,2.21,93,99,10.51,overcast clouds,RU,2021-01-17 22:21:13
Bolshoye Selo,57.7177,38.9334,-8.97,89,14,3.76,few clouds,RU,2021-01-17 22:24:59
Yuncheng,35.0231,110.9928,30.27,68,0,3.98,clear sky,CN,2021-01-17 22:24:59
Fort Abbas,29.1925,72.8536,53.6,54,0,10.04,clear sky,PK,2021-01-17 22:24:59
Bhikangaon,21.8667,75.95,73.85,37,20,6.11,few clouds,IN,2021-01-17 22:24:59
Obo,5.3998,26.4869,70.97,27,49,4.12,scattered clouds,CF,2021-01-17 22:24:59
Leningradskiy,69.3833,178.4167,-25.53,84,30,5.99,scattered clouds,RU,2021-01-17 22:24:59
Kushmurun,52.4503,64.6311,-0.83,91,0,8.16,clear sky,KZ,2021-01-17 22:24:59
Santa Rosalia,27.3167,-112.2833,72.52,25,0,6.4,clear sky,MX,2021-01-17 22:24:59
Ponta Delgada,37.7333,-25.6667,61.0,88,40,19.57,light rain,PT,2021-01-17 22:22:22
Yurimaguas,-5.9,-76.0833,88.79,57,96,5.53,light rain,PE,2021-01-17 22:24:59
Kodinsk,58.6881,99.1844,-8.16,89,100,3.58,light snow,RU,2021-01-17 22:24:59
Mineiros,-17.5694,-52.5511,69.66,94,99,3.69,light rain,BR,2021-01-17 22:22:30
Kobayashi,31.9833,130.9833,33.8,74,75,5.75,broken clouds,JP,2021-01-17 22:24:59
Yenagoa,4.9247,6.2642,77.43,87,20,4.79,few clouds,NG,2021-01-17 22:24:59
Riyadh,24.6877,46.7219,62.6,27,0,5.93,clear sky,SA,2021-01-17 22:23:32
Dossor,47.5272,52.9811,24.85,96,89,15.57,overcast clouds,KZ,2021-01-17 22:24:59
Chanika,-5.4167,38.0167,70.3,98,84,2.89,broken clouds,TZ,2021-01-17 22:24:59
Kajaani,64.2273,27.7285,26.6,93,90,8.05,overcast clouds,FI,2021-01-17 22:24:59
Aquiraz,-3.9014,-38.3911,82.4,69,20,10.36,few clouds,BR,2021-01-17 22:21:33
Kapuskasing,49.4169,-82.4331,6.8,78,13,6.91,few clouds,CA,2021-01-17 22:25:00
Constitucion,-35.3333,-72.4167,67.66,55,0,17.52,clear sky,CL,2021-01-17 22:25:00
Kudahuvadhoo,2.6708,72.8944,81.34,73,7,7.63,clear sky,MV,2021-01-17 22:25:00
San Pedro De Ycuamandiyu,-24.0917,-57.0764,71.35,95,100,7.72,overcast clouds,PY,2021-01-17 22:25:00
Nuuk,64.1835,-51.7216,23.0,86,90,5.75,light snow,GL,2021-01-17 22:25:00
Marienburg,54.0359,19.0266,7.0,78,20,3.44,few clouds,PL,2021-01-17 22:25:00
Moerai,-22.4333,-151.3333,80.73,71,16,8.03,few clouds,PF,2021-01-17 22:25:00
Qaqortoq,60.7167,-46.0333,23.41,94,100,5.61,overcast clouds,GL,2021-01-17 22:25:00
Severobaykalsk,55.65,109.3167,-19.3,77,99,3.78,overcast clouds,RU,2021-01-17 22:23:23
Nemuro,43.3236,145.575,21.63,96,96,2.06,light snow,JP,2021-01-17 22:25:00
Morondava,-20.2833,44.2833,83.17,77,1,5.26,clear sky,MG,2021-01-17 22:25:00
Muravlenko,63.7898,74.523,-9.99,90,96,10.8,overcast clouds,RU,2021-01-17 22:25:01
Gosainganj,26.5833,82.3833,52.36,84,0,4.14,clear sky,IN,2021-01-17 22:25:01
Hambantota,6.1241,81.1185,73.4,100,95,4.61,overcast clouds,LK,2021-01-17 22:25:01
Presidente Dutra,-5.29,-44.49,77.32,88,96,0.92,light rain,BR,2021-01-17 22:25:01
Abapo,-18.8333,-63.4667,64.54,96,100,1.16,overcast clouds,BO,2021-01-17 22:25:01
Salmas,38.1973,44.7653,41.0,65,75,11.5,broken clouds,IR,2021-01-17 22:25:01
Inongo,-1.95,18.2667,74.44,85,96,2.33,overcast clouds,CD,2021-01-17 22:25:01
Waipawa,-41.4122,175.5153,66.2,52,2,16.11,clear sky,NZ,2021-01-17 22:25:01
Pucallpa,-8.3791,-74.5539,89.6,58,40,8.05,scattered clouds,PE,2021-01-17 22:25:01
Florianopolis,-27.6146,-48.5012,80.01,89,75,8.05,moderate rain,BR,2021-01-17 22:25:01
Cessnock,-32.8333,151.35,72.0,81,84,2.95,broken clouds,AU,2021-01-17 22:25:01
Bandarbeyla,9.4942,50.8122,74.46,73,9,14.47,clear sky,SO,2021-01-17 22:25:02
Peniche,39.3558,-9.3811,46.99,73,89,5.01,overcast clouds,PT,2021-01-17 22:25:02
Algeciras,36.1333,-5.4505,51.8,93,100,5.75,overcast clouds,ES,2021-01-17 22:25:02
Tomatlan,19.9333,-105.25,82.47,45,0,6.22,clear sky,MX,2021-01-17 22:25:02
Kyakhta,50.3508,106.4494,-4.34,87,95,0.76,overcast clouds,RU,2021-01-17 22:25:02
French Harbor,16.35,-86.4333,79.0,94,75,5.75,light rain,HN,2021-01-17 22:25:02
Carnot,4.9409,15.8665,73.99,27,59,1.72,broken clouds,CF,2021-01-17 22:25:03
Cacu,-18.5567,-51.1308,73.47,86,100,0.69,overcast clouds,BR,2021-01-17 22:25:03
Sosnovo-Ozerskoye,52.5249,111.5418,-29.09,77,60,1.68,broken clouds,RU,2021-01-17 22:25:03
Oskaloosa,41.2964,-92.6444,32.0,86,90,16.11,overcast clouds,US,2021-01-17 22:25:03
Nouadhibou,20.931,-17.0347,66.2,34,0,12.66,sand,MR,2021-01-17 22:23:02
Honiara,-9.4333,159.95,84.49,72,91,7.07,overcast clouds,SB,2021-01-17 22:25:03
Slatina,44.4333,24.3667,23.0,86,0,3.44,clear sky,RO,2021-01-17 22:22:17
Kashary,49.04,41.0056,8.44,95,100,11.68,light snow,RU,2021-01-17 22:25:03
Sao Raimundo Nonato,-9.0153,-42.6994,77.27,52,0,1.23,clear sky,BR,2021-01-17 22:25:03
Tual,-5.6667,132.75,82.45,81,93,18.28,light rain,ID,2021-01-17 22:20:28
Kuching,1.55,110.3333,77.0,94,40,4.61,scattered clouds,MY,2021-01-17 22:25:03
Erenhot,43.6475,111.9767,-0.92,86,0,3.04,clear sky,CN,2021-01-17 22:25:03
Lesosibirsk,58.2358,92.4828,9.27,94,100,5.82,overcast clouds,RU,2021-01-17 22:25:03
Presidencia Roque Saenz Pena,-26.7852,-60.4388,77.79,44,26,8.05,scattered clouds,AR,2021-01-17 22:25:03
Chumikan,54.7183,135.315,-21.35,75,100,10.76,overcast clouds,RU,2021-01-17 22:22:58
Codrington,-38.2667,141.9667,59.7,73,99,13.65,overcast clouds,AU,2021-01-17 22:25:03
Behshahr,36.6923,53.5526,54.0,49,0,4.36,clear sky,IR,2021-01-17 22:25:04
Zyryanovsk,49.7386,84.2719,1.17,78,100,0.85,overcast clouds,KZ,2021-01-17 22:25:04
Jiaozhou,36.2839,120.0033,33.01,74,0,2.24,clear sky,CN,2021-01-17 22:25:04
Lhokseumawe,5.1801,97.1507,77.9,83,95,8.95,overcast clouds,ID,2021-01-17 22:20:58
Dunedin,-45.8742,170.5036,62.01,50,75,10.0,broken clouds,NZ,2021-01-17 22:25:04
Okhotsk,59.3833,143.3,-18.33,74,100,19.51,overcast clouds,RU,2021-01-17 22:25:04
Sungaipenuh,-2.0833,101.3833,65.77,93,100,2.59,heavy intensity rain,ID,2021-01-17 22:25:04
Seinajoki,62.7945,22.8282,27.0,93,75,4.61,broken clouds,FI,2021-01-17 22:25:04
Camacari,-12.6975,-38.3242,82.4,69,40,13.8,scattered clouds,BR,2021-01-17 22:25:04
Koupela,12.1794,-0.3517,75.61,18,100,9.35,overcast clouds,BF,2021-01-17 22:25:04
Havoysund,70.9963,24.6622,37.4,93,75,8.05,broken clouds,NO,2021-01-17 22:25:04
Terme,41.2092,36.9739,41.0,60,75,17.27,light rain,TR,2021-01-17 22:25:04
Matagami,49.7502,-77.6328,10.4,92,90,19.57,light snow,CA,2021-01-17 22:25:05
Baykit,61.67,96.37,-17.82,83,100,3.44,overcast clouds,RU,2021-01-17 22:25:05
Cap Malheureux,-19.9842,57.6142,80.01,77,97,8.01,overcast clouds,MU,2021-01-17 22:25:05
Wamba,8.9333,8.6,76.69,19,10,4.23,clear sky,NG,2021-01-17 22:25:05
Sabang,5.8933,95.3214,81.72,76,40,26.46,heavy intensity rain,ID,2021-01-17 22:25:05
Sakakah,29.9697,40.2064,50.0,46,0,6.91,clear sky,SA,2021-01-17 22:25:05
Mount Pleasant,32.7941,-79.8626,50.0,53,1,10.76,clear sky,US,2021-01-17 22:22:42
Grindavik,63.8424,-22.4338,33.8,93,90,21.85,overcast clouds,IS,2021-01-17 22:25:05
Hot Springs,34.5037,-93.0552,55.4,24,20,11.5,few clouds,US,2021-01-17 22:25:05
Roald,62.5833,6.1333,41.0,70,95,10.36,overcast clouds,NO,2021-01-17 22:25:05
Guaimaca,14.5333,-86.8167,75.2,64,40,116.23,scattered clouds,HN,2021-01-17 22:25:05
Zhaotong,27.3167,103.7167,28.83,94,43,2.89,scattered clouds,CN,2021-01-17 22:25:05
Chegdomyn,51.1167,133.0167,-16.02,87,100,1.39,overcast clouds,RU,2021-01-17 22:25:05
Gamba,-2.65,10.0,78.03,84,90,5.95,overcast clouds,GA,2021-01-17 22:21:52
Mormugao,15.4,73.8,77.41,71,27,6.2,scattered clouds,IN,2021-01-17 22:25:05
Antofagasta,-23.65,-70.4,69.8,64,20,11.5,few clouds,CL,2021-01-17 22:25:06
Bafoulabe,13.8065,-10.8321,75.67,16,84,5.77,broken clouds,ML,2021-01-17 22:25:06
Darnah,32.767,22.6367,52.75,65,64,14.38,broken clouds,LY,2021-01-17 22:25:06
Dingle,10.9995,122.6711,74.35,92,100,6.31,overcast clouds,PH,2021-01-17 22:25:06
Kosh-Agach,50.0,88.6667,-2.52,65,51,0.58,broken clouds,RU,2021-01-17 22:25:06
Zarate,-34.0981,-59.0286,77.0,43,0,4.0,clear sky,AR,2021-01-17 22:25:06
Beaupre,47.0443,-70.8953,32.0,86,100,6.91,light snow,CA,2021-01-17 22:25:06
Pinar Del Rio,22.4175,-83.6981,70.3,67,99,6.29,overcast clouds,CU,2021-01-17 22:21:28
Sidi Ali,36.0998,0.4206,48.27,59,51,3.18,broken clouds,DZ,2021-01-17 22:25:06
Anadyr,64.75,177.4833,-18.0,76,100,8.95,snow,RU,2021-01-17 22:25:06
Ananas,19.2466,-71.9557,76.91,58,98,3.53,overcast clouds,HT,2021-01-17 22:25:06
Agucadoura,41.4318,-8.7804,41.0,87,0,2.3,clear sky,PT,2021-01-17 22:25:06
Detva,48.5608,19.4195,9.0,47,18,2.82,few clouds,SK,2021-01-17 22:23:40
Ossora,59.2353,163.0719,0.48,91,100,21.97,light snow,RU,2021-01-17 22:25:07
Ondangwa,-17.9167,15.95,82.4,54,100,6.91,overcast clouds,NA,2021-01-17 22:25:07
Kampot,10.6167,104.1833,75.2,57,20,10.36,few clouds,KH,2021-01-17 22:23:00
Menongue,-14.6585,17.691,63.79,68,29,0.56,scattered clouds,AO,2021-01-17 22:24:03
Kaa-Khem,51.6833,94.7333,-10.08,82,73,1.79,broken clouds,RU,2021-01-17 22:25:07
Kirovskiy,45.0917,133.5136,-4.86,91,99,5.48,overcast clouds,RU,2021-01-17 22:25:07
Venado Tuerto,-33.7456,-61.9688,86.27,14,0,11.68,clear sky,AR,2021-01-17 22:25:07
Gannan,47.9147,123.5031,-12.3,81,33,9.33,scattered clouds,CN,2021-01-17 22:25:07
Port Lincoln,-34.7333,135.8667,60.39,77,100,11.86,overcast clouds,AU,2021-01-17 22:20:08
Pontianak,-0.0333,109.3333,75.2,94,40,3.44,scattered clouds,ID,2021-01-17 22:25:07
Rio Gallegos,-51.6226,-69.2181,71.6,43,20,20.71,few clouds,AR,2021-01-17 22:21:22
Akdepe,42.0551,59.3788,30.2,74,0,6.91,clear sky,TM,2021-01-17 22:25:07
Hauge,58.3436,6.2812,34.0,94,100,7.83,overcast clouds,NO,2021-01-17 22:25:07
Lorengau,-2.0226,147.2712,84.11,75,78,14.23,broken clouds,PG,2021-01-17 22:25:07
Beloha,-25.1667,45.05,74.25,82,100,6.82,overcast clouds,MG,2021-01-17 22:25:07
Tutoia,-2.7619,-42.2744,78.93,85,100,9.51,moderate rain,BR,2021-01-17 22:25:08
Lac Du Bonnet,50.2536,-96.0612,10.0,100,100,4.0,overcast clouds,CA,2021-01-17 22:25:08
Mastic Beach,40.7668,-72.8521,43.0,49,75,11.5,broken clouds,US,2021-01-17 22:25:08
Neuquen,-38.9516,-68.0591,91.4,22,0,3.44,clear sky,AR,2021-01-17 22:24:37
Old Orchard Beach,43.5173,-70.3775,39.99,60,90,13.8,overcast clouds,US,2021-01-17 22:25:08
Acapulco,16.8634,-99.8901,84.2,70,40,6.91,scattered clouds,MX,2021-01-17 22:21:29
Nakambala,-15.8324,27.7799,67.91,95,100,3.85,light rain,ZM,2021-01-17 22:25:08
Sao Felix Do Xingu,-6.6447,-51.995,75.42,92,46,1.72,heavy intensity rain,BR,2021-01-17 22:20:58
North Bend,43.4065,-124.2243,55.99,87,1,18.41,clear sky,US,2021-01-17 22:21:08
Chimoio,-19.1164,33.4833,70.32,99,100,3.27,light rain,MZ,2021-01-17 22:25:08
Ayorou,14.7308,0.9174,75.94,17,87,7.96,overcast clouds,NE,2021-01-17 22:25:08
Sept-Iles,50.2001,-66.3821,32.0,100,90,13.8,snow,CA,2021-01-17 22:21:51
Hualmay,-11.0964,-77.6139,73.22,74,45,11.03,scattered clouds,PE,2021-01-17 22:25:09
Maarianhamina,60.0973,19.9348,28.4,74,90,6.91,overcast clouds,AX,2021-01-17 22:25:09
Edenderry,53.3453,-7.0497,39.0,93,68,7.0,broken clouds,IE,2021-01-17 22:25:09
Tchaourou,8.8865,2.5975,76.66,17,21,4.76,few clouds,BJ,2021-01-17 22:25:09
Yugo-Kamskiy,57.7053,55.5894,-9.4,92,0,6.71,clear sky,RU,2021-01-17 22:25:09
Malanje,-9.5402,16.341,63.54,83,98,2.8,overcast clouds,AO,2021-01-17 22:25:09
Si Satchanalai,17.5169,99.7598,64.0,99,83,3.44,broken clouds,TH,2021-01-17 22:25:09
Safaga,26.7292,33.9365,60.8,29,0,10.13,clear sky,EG,2021-01-17 22:25:09
Biak,-0.9131,122.8766,75.92,87,100,3.76,overcast clouds,ID,2021-01-17 22:25:09
Yuli,9.6989,10.2744,75.54,19,0,6.42,clear sky,NG,2021-01-17 22:25:09
Coffeyville,37.0373,-95.6164,51.8,32,1,14.97,clear sky,US,2021-01-17 22:25:10
Novosergiyevka,52.0934,53.6528,-7.47,90,67,2.75,broken clouds,RU,2021-01-17 22:25:10
Itaqui,-29.1253,-56.5531,75.99,55,85,12.3,overcast clouds,BR,2021-01-17 22:25:10
Siuna,13.7332,-84.7773,81.63,67,100,4.41,overcast clouds,NI,2021-01-17 22:25:10
Mayo,38.8876,-76.5119,46.0,57,90,5.75,overcast clouds,US,2021-01-17 22:25:10
Prince Albert,53.2001,-105.7677,14.0,85,90,8.05,overcast clouds,CA,2021-01-17 22:25:10
Bauchi,10.5,10.0,70.68,22,9,5.95,clear sky,NG,2021-01-17 22:25:10
Praia,14.9215,-23.5087,71.6,73,0,16.11,clear sky,CV,2021-01-17 22:25:10
Mirpur Sakro,24.5474,67.6277,55.4,88,0,6.91,smoke,PK,2021-01-17 22:25:10
Flin Flon,54.7682,-101.865,-0.4,71,90,5.75,light snow,CA,2021-01-17 22:25:11
Karaman,37.0833,33.25,23.86,96,74,7.9,broken clouds,TR,2021-01-17 22:21:38
Nakhon Thai,17.1006,100.8374,60.85,60,24,7.7,few clouds,TH,2021-01-17 22:25:11
Maghar,32.8898,35.407,54.0,92,36,1.01,light rain,IL,2021-01-17 22:25:11
Concordia,-31.393,-58.0209,79.0,38,20,18.41,few clouds,AR,2021-01-17 22:25:11
Gravdal,68.1214,13.5031,30.2,93,75,3.44,broken clouds,NO,2021-01-17 22:22:09
Caravelas,-17.7125,-39.2481,76.53,82,0,6.96,clear sky,BR,2021-01-17 22:25:11
Acajutla,13.5928,-89.8275,86.0,39,40,4.61,scattered clouds,SV,2021-01-17 22:22:17
Gobabis,-22.45,18.9667,74.01,36,75,10.38,broken clouds,NA,2021-01-17 22:25:11
Surt,31.2089,16.5887,57.88,62,17,14.05,few clouds,LY,2021-01-17 22:25:11
Lobatse,-25.2167,25.6667,68.0,56,80,5.75,broken clouds,BW,2021-01-17 22:25:11
Blackwater,-23.5833,148.8833,78.3,66,56,13.2,broken clouds,AU,2021-01-17 22:25:11
Palu,-0.8917,119.8707,75.6,68,100,2.91,light rain,ID,2021-01-17 22:25:11
Granger,41.7481,-86.1257,30.99,86,75,10.36,light snow,US,2021-01-17 22:22:25
Faranah,10.0404,-10.7434,70.92,21,73,4.43,broken clouds,GN,2021-01-17 22:25:11
Burnie,-41.0667,145.9167,60.15,69,79,14.74,broken clouds,AU,2021-01-17 22:25:11
Ostrovnoy,68.0531,39.5131,16.48,95,99,11.97,overcast clouds,RU,2021-01-17 22:22:49
Belyy Yar,53.6039,91.3903,19.4,73,0,4.47,clear sky,RU,2021-01-17 22:25:12
Taltal,-25.4,-70.4833,68.99,63,22,5.17,few clouds,CL,2021-01-17 22:21:01
Chicomuselo,15.7667,-92.2667,82.44,48,49,1.25,light rain,MX,2021-01-17 22:25:12
Ikalamavony,-21.15,46.5833,72.41,87,100,1.23,moderate rain,MG,2021-01-17 22:25:12
San Lorenzo,-25.3333,-57.5333,75.2,78,75,12.66,broken clouds,PY,2021-01-17 22:21:03
Ishigaki,24.3448,124.1572,57.2,72,75,10.36,broken clouds,JP,2021-01-17 22:25:12
Metro,-5.1131,105.3067,73.85,93,97,4.81,overcast clouds,ID,2021-01-17 22:25:12
Ust-Nera,64.5667,143.2,-35.7,71,84,4.32,broken clouds,RU,2021-01-17 22:25:12
Naron,43.5167,-8.1528,54.0,100,90,4.34,overcast clouds,ES,2021-01-17 22:25:12
Priiskovyy,51.9333,116.6333,-28.46,79,0,2.75,clear sky,RU,2021-01-17 22:25:12
Namatanai,-3.6667,152.4333,82.76,75,38,10.98,scattered clouds,PG,2021-01-17 22:25:12
Puerto Madryn,-42.7692,-65.0385,71.65,45,22,11.59,few clouds,AR,2021-01-17 22:25:12
Karratha,-20.7377,116.8463,89.29,44,41,8.95,scattered clouds,AU,2021-01-17 22:25:13
Salinopolis,-0.6136,-47.3561,80.31,81,99,9.57,overcast clouds,BR,2021-01-17 22:22:46
Marquette,46.5333,-87.6335,25.0,88,100,7.49,overcast clouds,US,2021-01-17 22:20:40
Jobat,22.4167,74.5667,71.6,52,4,3.6,clear sky,IN,2021-01-17 22:25:13
Chinhoyi,-17.3667,30.2,68.92,91,100,1.45,moderate rain,ZW,2021-01-17 22:25:13
Mana,5.6592,-53.7767,78.17,83,99,9.75,overcast clouds,GF,2021-01-17 22:25:13
Bijie,27.3125,105.2942,31.84,90,6,2.1,clear sky,CN,2021-01-17 22:25:13
Igarka,67.4667,86.5833,-10.55,88,100,21.97,light snow,RU,2021-01-17 22:25:13
Prince Rupert,54.3161,-130.3201,46.4,87,90,4.61,light rain,CA,2021-01-17 22:23:56
Umm Kaddadah,13.6017,26.6876,66.13,23,38,15.1,scattered clouds,SD,2021-01-17 22:25:13
Portland,45.5234,-122.6762,52.0,76,75,0.51,broken clouds,US,2021-01-17 22:25:00
Saint-Francois,46.4154,3.9054,35.01,100,90,4.61,overcast clouds,FR,2021-01-17 22:25:13
Khromtau,50.2503,58.4347,3.99,85,71,1.97,broken clouds,KZ,2021-01-17 22:25:13
Blind River,46.1834,-82.9582,30.2,63,90,11.5,overcast clouds,CA,2021-01-17 22:25:13
Ucluelet,48.9329,-125.5528,51.01,81,20,10.36,few clouds,CA,2021-01-17 22:20:16
Christchurch,-43.5333,172.6333,64.99,59,84,8.05,broken clouds,NZ,2021-01-17 22:25:13
Xifeng,42.7372,124.7222,-3.28,85,87,7.85,overcast clouds,CN,2021-01-17 22:25:13
Te Anau,-45.4167,167.7167,49.69,78,92,6.02,moderate rain,NZ,2021-01-17 22:25:13
Bataipora,-22.2953,-53.2711,74.66,94,100,7.02,moderate rain,BR,2021-01-17 22:25:14
Kenai,60.5544,-151.2583,35.6,80,90,4.61,light rain,US,2021-01-17 22:20:41
Urusha,54.05,122.9,-30.93,78,89,4.12,overcast clouds,RU,2021-01-17 22:25:14
Dibulla,11.2725,-73.3091,82.33,60,20,10.47,few clouds,CO,2021-01-17 22:25:14
Alofi,-19.0595,-169.9187,87.8,62,29,8.05,scattered clouds,NU,2021-01-17 22:20:18
Wajima,37.4,136.9,39.24,72,94,20.2,light rain,JP,2021-01-17 22:25:14
Katherine,-14.4667,132.2667,80.6,74,25,8.05,scattered clouds,AU,2021-01-17 22:25:14
Metapan,14.3333,-89.45,86.0,68,75,6.91,broken clouds,SV,2021-01-17 22:25:14
Labuhan,-6.8844,112.2051,76.89,84,100,8.16,overcast clouds,ID,2021-01-17 22:25:14
Ilhabela,-23.7781,-45.3581,78.42,78,47,3.09,scattered clouds,BR,2021-01-17 22:25:14
Kavaratti,10.5669,72.642,81.46,76,0,5.64,clear sky,IN,2021-01-17 22:25:14
Pundaguitan,6.3711,126.1689,77.61,88,99,11.1,heavy intensity rain,PH,2021-01-17 22:25:15
Barcelona,41.3888,2.159,50.0,87,0,2.3,clear sky,ES,2021-01-17 22:24:52
Takab,36.4009,47.1133,30.02,94,50,9.78,scattered clouds,IR,2021-01-17 22:25:15
Rio Grande,-32.035,-52.0986,73.99,70,84,13.2,broken clouds,BR,2021-01-17 22:25:15
Tabuk,17.4189,121.4443,67.35,90,100,9.17,overcast clouds,PH,2021-01-17 22:25:15
Havre,49.5833,0.3333,44.6,81,75,6.91,broken clouds,FR,2021-01-17 22:25:15
Galle,6.0367,80.217,76.91,84,87,1.95,overcast clouds,LK,2021-01-17 22:25:15
Zemio,5.0314,25.1361,71.87,32,46,3.38,scattered clouds,CF,2021-01-17 22:25:15
Maniwaki,46.3834,-75.966,21.2,86,100,6.91,overcast clouds,CA,2021-01-17 22:25:15
Sri Aman,1.2376,111.4621,75.2,100,100,2.3,overcast clouds,MY,2021-01-17 22:25:15
Loukhi,66.0764,33.0381,19.4,97,97,6.06,overcast clouds,RU,2021-01-17 22:25:15
Portmore,17.9702,-76.8672,82.4,74,20,19.57,moderate rain,JM,2021-01-17 22:25:15
Huarmey,-10.0681,-78.1522,73.85,72,39,11.25,scattered clouds,PE,2021-01-17 22:25:15
Sao Joao Da Barra,-21.6403,-41.0511,80.6,69,0,21.85,clear sky,BR,2021-01-17 22:25:15
Rauma,61.1272,21.5113,17.6,93,75,5.75,broken clouds,FI,2021-01-17 22:25:15
